hemi,region,lat,winter,m_w,m_s1,m_s2,temp_w,temp_s,cases_w,penalty_cases,penalty_cases_pre,penalty_cases_post,penalty_deaths,penalty_deaths_pre,penalty_deaths_post,penalty_cfr,penalty_cfr_pre,penalty_cfr_post
北半球,Afghanistan,33.93911,W1 2020-21冬,5,5,5,-8.870751152073732,9.580731182795699,15120.0,-1.3757032239435762,-0.9090423031493273,-1.8423641447378252,-0.993186955798727,-0.37984200322026673,-1.606531908377188,0.3825162681448484,0.5292002999290606,0.23583223636063666
北半球,Albania,41.1533,W1 2020-21冬,5,4,4,9.252281105990786,23.46497311827957,104282.0,1.330885803087238,1.8972670328973233,0.7645045732771543,1.1709777587354733,1.1637487171478584,1.178206800323088,-0.15990804435176376,-0.7335183157494636,0.4137022270459356
北半球,Algeria,28.0339,W1 2020-21冬,5,5,5,17.34695238095238,35.02110752688172,59250.0,-0.04762320769598638,0.22053093341919983,-0.31577734881117436,-0.6730715045241764,-0.3528508475003296,-0.9932921615480224,-0.6254482968281878,-0.5733817809195285,-0.6775148127368471
北半球,Armenia,40.0691,W1 2020-21冬,5,5,5,-7.256855606758833,9.79747311827957,102826.0,0.7840793585220638,0.7557516167112794,0.8124071003328481,0.4617945423724743,0.6498840547628406,0.273705029982108,-0.3222848161495899,-0.10586756194843883,-0.538702070350741
北半球,Austria,47.5162,W1 2020-21冬,5,5,5,-0.18599846390168973,12.751032258064516,435835.0,1.97790436597651,2.715881906397577,1.2399268255554432,2.623102303259518,2.9744606190475666,2.2717439874714707,0.6451979372830068,0.25857871264998833,1.0318171619160261
北半球,Azerbaijan,40.1431,W1 2020-21冬,5,5,5,6.272357910906298,27.009946236559145,206444.0,0.9533299740478398,1.6813208997580578,0.22533904833762186,1.0534087658306168,1.6545583477145698,0.45225918394666387,0.1000787917827779,-0.026762552043487986,0.2269201356090429
北半球,Bahrain,26.0275,W1 2020-21冬,5,5,5,20.899675883256528,34.783903225806455,62800.0,-0.261613880695613,-0.07696104113612989,-0.44626672025509606,-0.44726372453550756,-0.09564807472222192,-0.7988793743487932,-0.18564984383989547,-0.018687033586092916,-0.352612654093698
北半球,Bangladesh,23.685,W1 2020-21冬,5,5,5,21.52657142857143,28.177849462365593,203611.0,-0.9612786152667567,-0.5581911907539681,-1.3643660397795454,-0.7391359682012961,-0.20427286903613862,-1.2739990673664536,0.2221426470654606,0.35391832171782944,0.09036697241309177
北半球,Belarus,53.7098,W1 2020-21冬,5,5,5,-1.9594086021505377,16.367129032258063,223325.0,0.729825919131704,1.2403517812116363,0.2193000570517718,0.18086360073477792,0.5901354622238744,-0.22840826075431764,-0.5489623183969252,-0.6502163189877619,-0.44770831780608944
北半球,Belgium,50.8333,W1 2020-21冬,5,5,5,5.81242089093702,16.614118279569894,453224.0,1.2225253981542554,1.868848843665182,0.5762019526433289,1.9576665091451835,1.8193382079251466,2.0959948103652204,0.7351411109909285,-0.04951063574003545,1.519792857721892
北半球,Bosnia and Herzegovina,43.9159,W1 2020-21冬,5,5,5,-2.57742242703533,11.349419354838709,119536.0,1.36403700581163,1.5366597722382895,1.1914142393849705,1.4332367241458783,1.8794564821718662,0.9870169661198913,0.0691997183342501,0.34279670993357847,-0.20439727326507828
北半球,Bulgaria,42.7339,W1 2020-21冬,5,5,5,0.7271781874039938,15.757043010752689,289789.0,1.8970312754416998,2.707649989950987,1.086412560932411,1.7467024937739062,2.6240124549132053,0.869392532634607,-0.15032878166779362,-0.08363753503778248,-0.21702002829780476
北半球,Canada,52.18975974959941,W1 2020-21冬,5,5,5,-2.1267188940092163,19.013376344086023,752818.0,1.301349683022444,1.9665733278650492,0.6361260381798388,1.338689111561881,1.4231897376371734,1.2541884854865888,0.037339428539438835,-0.543383590227875,0.6180624473067517
北半球,China,23.65995342661174,W1 2020-21冬,5,5,5,17.435551459293396,27.361612903225804,12956.0,0.41318379831466867,0.39731685793678206,0.4290507386925553,1.0931412212540486,0.6554068525770984,1.5308755899309983,0.6799574229393803,0.2580899946403168,1.1018248512384439
北半球,Colombia,4.5709,W1 2020-21冬,5,5,5,12.977350230414748,12.97179569892473,1332193.0,0.01373579723175311,0.4814165651630553,-0.4539449706995491,-0.02305156680898257,0.17993544606296297,-0.2260385796809281,-0.0367873640407379,-0.30148111910009456,0.2279063910186192
北半球,Costa Rica,9.7489,W1 2020-21冬,5,4,5,17.25472350230415,18.785900537634408,106793.0,-0.4169686247556381,0.1342151917641008,-0.968152441275377,-0.3730294503338438,-0.015146815759985444,-0.7309120849077031,0.0439391744217934,-0.14936200752408713,0.23724035636767393
北半球,Croatia,45.1,W1 2020-21冬,5,4,5,1.1385499231950846,15.305198924731183,222316.0,1.8182269190159026,2.517415380758443,1.1190384572733603,2.145404119057959,2.7127941753961924,1.5780140627197268,0.32717720004205786,0.1953787946377492,0.45897560544636695
北半球,Cuba,21.521757,W1 2020-21冬,5,3,5,23.72539631336405,27.00562007168459,68376.0,0.014872169607651031,2.4520488937207183,-2.4223045545054145,-0.554452069922827,1.7562527807711454,-2.8651569206167995,-0.569324239530479,-0.6957961129495729,-0.442852366111385
北半球,Czechia,49.8175,W1 2020-21冬,5,5,5,1.5186589861751156,15.816645161290321,1197230.0,2.962328888657005,2.9433462192799418,2.9813115580340703,3.151467789589592,2.7136636323718077,3.5892719468073775,0.1891389009325879,-0.22968258690813315,0.607960388773308
北半球,Denmark,56.37399668911018,W1 2020-21冬,5,5,5,3.1755514592933944,14.351494623655913,184432.0,1.3947821601825012,2.266389032777818,0.5231752875871827,2.3734779265823107,2.5697084384247897,2.177247414739832,0.9786957663998086,0.30331940564697035,1.6540721271526477
北半球,Dominican Republic,18.7357,W1 2020-21冬,5,5,5,18.341594470046083,20.88782795698925,125709.0,0.2423335964751292,0.1777547625840583,0.30691243036620186,0.19008071632325407,-0.4446175642053456,0.8247789968518537,-0.05225288015187601,-0.6223723267894039,0.5178665664856519
北半球,Egypt,26.820553,W1 2020-21冬,5,5,5,16.017597542242704,29.707010752688173,94576.0,0.0869317353089123,-0.032098554105875365,0.20596202472370173,0.36476202658933765,0.14819257876236946,0.5813314744163067,0.2778302912804249,0.18029113286824439,0.37536944969260544
北半球,El Salvador,13.794200000000002,W1 2020-21冬,5,5,5,24.334978494623655,24.463989247311826,30900.0,-0.02719099937814562,0.07448643559668078,-0.1288684343529738,-0.07252983889663245,0.12123386481411647,-0.2662935426073805,-0.045338839518484164,0.046747429217437464,-0.13742510825440624
北半球,Ethiopia,9.145,W1 2020-21冬,5,5,5,22.280254992319506,24.341903225806448,110420.0,0.3039848567391701,0.383648145626287,0.22432156785205315,0.041202057710005846,0.28731942512233033,-0.20491530970231775,-0.2627827990291638,-0.09632872050395758,-0.42923687755437
北半球,Finland,61.924110000000006,W1 2020-21冬,5,3,5,-2.7524116743471585,13.296827956989247,61599.0,1.1198198329593332,2.125945323416725,0.11369434250194033,1.515353368332888,2.1991275274823057,0.8315792091834706,0.39553353537355473,0.07318220406557963,0.7178848666815298
北半球,France,44.61517569245893,W1 2020-21冬,5,5,5,5.426113671274962,16.41536559139785,3290790.0,1.4102979791568302,2.0188765175561123,0.8017194407575481,1.956431994837172,2.210255795182353,1.702608194491991,0.5461340156803427,0.19137927762624152,0.900888753734443
北半球,Germany,51.165691,W1 2020-21冬,5,5,5,2.8211689708141323,16.243053763440862,2290120.0,1.9320048651677961,2.868056111403627,0.9959536189319635,2.903819126264544,3.653989626898494,2.153648625630593,0.9718142610967493,0.7859335154948686,1.15769500669863
北半球,Greece,39.0742,W1 2020-21冬,5,3,5,5.418233486943164,20.171501792114697,224438.0,0.932497792825485,2.1903333266060265,-0.32533774095505663,1.7204618175930628,2.6792721029339965,0.76165153225213,0.7879640247675765,0.4889387763279678,1.0869892732071844
北半球,Guatemala,15.783500000000002,W1 2020-21冬,5,5,5,21.335915514592934,24.30848387096774,85895.0,-0.7066475983472582,-0.05934796772349671,-1.3539472289710197,-0.39776029718270056,-0.08414793038658352,-0.7113726639788185,0.3088873011645563,-0.02479996266308815,0.6425745649922003
北半球,Honduras,15.2,W1 2020-21冬,5,5,5,19.762592933947772,22.952301075268817,92155.0,-0.16011713154563623,0.19104267219798032,-0.5112769352892546,-0.3928056613017956,-0.14105376001894854,-0.6445575625846418,-0.23268852975615717,-0.332096432216928,-0.1332806272953868
北半球,Hungary,47.1625,W1 2020-21冬,5,3,5,3.8910337941628264,19.444767025089604,577112.0,2.648904754480844,2.7092413203835584,2.5885681885781295,2.9671689302928614,2.879032543527571,3.055305317058152,0.3182641758120166,0.16979122314401174,0.46673712848002147
北半球,India,20.593684,W1 2020-21冬,5,5,5,20.91506144393241,26.318720430107525,4037583.0,-0.8634275440134012,-0.44136077091446957,-1.2854943171123328,-0.9533805169193794,-0.7874493046766826,-1.1193117291620744,-0.08995297290597648,-0.34608853376221216,0.1661825879502592
北半球,Iran,32.427908,W1 2020-21冬,5,5,5,8.790293394777265,30.88884946236559,1272792.0,0.18471353625205467,1.2557258100630069,-0.8862987375588975,-0.3508579018986122,-0.021434035752585956,-0.6802817680446367,-0.5355714381506678,-1.2771598458155946,0.20601696951425907
北半球,Iraq,33.223191,W1 2020-21冬,5,5,5,14.662242703533025,34.514752688172045,378294.0,-0.4305536515376662,0.04708184290025663,-0.9081891459755873,-0.964206904176141,-1.1753281759689793,-0.7530856323833026,-0.5336532526384756,-1.2224100188692364,0.1551035135922847
北半球,Ireland,53.1424,W1 2020-21冬,5,4,5,5.883109062980031,13.799779569892474,174398.0,1.219147401654567,2.2261542698332573,0.21214053347587658,2.0536168784886346,2.216912532308439,1.8903212246688295,0.8344694768340668,-0.009241737524818383,1.678180691192952
北半球,Israel,31.046050999999995,W1 2020-21冬,5,5,5,14.517677419354836,24.90978494623656,518756.0,0.4814952823283498,0.8067889714994685,0.15620159315723114,0.662939593735242,0.5530178837448512,0.772861303725632,0.18144431140689044,-0.2537710877546191,0.6166597105684
北半球,Italy,41.87194,W1 2020-21冬,5,5,5,9.7775821812596,23.230827956989245,2905469.0,2.388596899782815,3.2793574937530536,1.4978363058125783,2.544889971935639,2.761017197612108,2.328762746259171,0.15629307215282306,-0.5183402961409467,0.8309264404465928
北半球,Japan,36.204824,W1 2020-21冬,5,5,5,8.015247311827958,23.33567741935484,373763.0,0.2973424691305038,1.6852491531879252,-1.0905642149269177,1.2322598878031492,2.2028866694158307,0.26163310619046776,0.9349174186726459,0.517637516227905,1.3521973211173859
北半球,Kazakhstan,48.01959999999999,W1 2020-21冬,5,5,5,-9.895485407066051,20.502698924731185,147773.0,-0.6531954871472259,0.07347258381303057,-1.3798635581074823,-0.12815176645367465,0.6260856472911236,-0.8823891801984738,0.5250437206935503,0.552613063478093,0.4974743779090076
北半球,"Korea, South",35.907757,W1 2020-21冬,5,5,5,1.6301336405529951,19.654150537634408,77004.0,0.4304786058684318,1.770100755237542,-0.9091435435006776,1.2098705967118866,1.9306775620652026,0.48906363135857056,0.7793919908434548,0.1605768068276605,1.3982071748592482
北半球,Kosovo,42.602636,W1 2020-21冬,5,4,5,3.4037987711213518,19.688862903225804,69853.0,0.7794898546164895,1.3456584890257783,0.21332122020720234,0.46634573298207016,0.4348261780265945,0.4978652879375467,-0.31314412163441885,-0.9108323109991829,0.28454406773034524
北半球,Kuwait,29.31166,W1 2020-21冬,5,5,5,16.94027956989247,36.659021505376344,106177.0,-0.10564227944770543,0.04842386190193615,-0.259708420797347,-0.0669731378565146,0.0445986378005907,-0.178544913513619,0.03866914159118995,-0.003825224101346336,0.08116350728372623
北半球,Kyrgyzstan,41.20437999999999,W1 2020-21冬,5,4,5,-5.34015668202765,15.314470430107527,29660.0,-0.3071426404393911,0.41784759182119835,-1.0321328726999823,-1.209400585399571,-1.4186977851745493,-1.0001033856245929,-0.9022579449601791,-1.836545376995748,0.03202948707539033
北半球,Lebanon,33.8547,W1 2020-21冬,5,4,5,6.870551459293395,21.26547580645161,387172.0,1.7323812056277355,2.0873035109411777,1.377458900314295,2.17085922074937,2.275719486240405,2.065998955258336,0.43847801512163365,0.18841597529922716,0.6885400549440401
北半球,Libya,26.3351,W1 2020-21冬,5,4,5,15.826918586789555,31.150838709677416,97862.0,0.15783625733408257,0.8232597764000609,-0.5075872617318957,0.3378894823881762,0.6763176127829116,-0.0005386480065601162,0.18005322505409227,-0.14694216361715018,0.5070486137253352
北半球,Malaysia,4.210484,W1 2020-21冬,5,3,5,25.587172043010753,26.768146953405022,313952.0,0.9815210486505155,3.7296812759025206,-1.7666391786014906,-0.58775327833626,2.0200661392638333,-3.1955726959363524,-1.5692743269867755,-1.7096151366386887,-1.4289335173348627
北半球,Mexico,23.6345,W1 2020-21冬,5,5,5,16.63142242703533,18.185978494623654,1313925.0,0.2958919964701181,0.5959937771890846,-0.004209784248850212,0.4412013224855418,0.32722124710599587,0.5551813978650877,0.14530932601542457,-0.2687725300830883,0.5593911821139375
北半球,Moldova,47.4116,W1 2020-21冬,5,5,5,1.7138218125960063,19.136333333333337,154201.0,1.2038571365477821,1.1434818341739135,1.2642324389216508,0.9508698962786886,0.9221432930088653,0.9795964995485127,-0.252987240269094,-0.22133854116504903,-0.28463593937313947
北半球,Montenegro,42.708678,W1 2020-21冬,5,3,5,6.9642119815668195,21.769788530465952,72877.0,1.106196029632068,1.453209567146759,0.7591824921173753,0.8880017268631786,1.0362419579416517,0.7397614957847054,-0.21819430276888863,-0.4169676092051078,-0.019420996332669915
北半球,Morocco,31.7917,W1 2020-21冬,5,5,5,12.96126113671275,26.271655913978492,277013.0,0.21124552403246533,0.8430100356759969,-0.42051898761106443,-0.06794556955363351,0.2530087565386774,-0.3888998956459435,-0.27919109358609884,-0.5900012791373186,0.031619091965120916
北半球,Nepal,28.1667,W1 2020-21冬,5,5,5,16.790674347158216,25.3065376344086,106566.0,-0.5864050689607208,0.31513735136106114,-1.4879474892825009,-0.12324544776119595,0.8299252007343494,-1.0764160962567422,0.46315962119952303,0.5147878493732883,0.4115313930257578
北半球,Netherlands,51.62419146215896,W1 2020-21冬,5,5,5,5.9158049155145935,16.566924731182795,934310.0,1.4725565778081648,2.3483332554016805,0.5967799002146474,2.0833269342441465,1.9799119463328028,2.1867419221554893,0.6107703564359808,-0.3684213090688777,1.5899620219408401
北半球,Nigeria,9.082,W1 2020-21冬,5,5,5,27.12925806451613,24.29767741935484,100038.0,0.7320287997304913,0.563973617122933,0.9000839823380495,0.056342084552378324,-0.02100685317929507,0.1336910222840526,-0.6756867151781121,-0.5849804703022263,-0.7663929600539969
北半球,North Macedonia,41.6086,W1 2020-21冬,5,5,4,5.590121351766512,22.581139784946238,98450.0,1.2489316899151994,1.7854614157859814,0.7124019640444175,0.8815020549747947,1.4077014028556016,0.3553027070939869,-0.36742963494040604,-0.3777600129303811,-0.35709925695043143
北半球,Norway,60.472,W1 2020-21冬,5,3,5,-4.506740399385561,9.769215053763443,75748.0,1.0522357812754262,2.1138403280669156,-0.009368765516061472,1.8554340328772811,2.3702437414678603,1.340624324286702,0.8031982516018541,0.2564034134009443,1.349993089802763
北半球,Oman,21.512583,W1 2020-21冬,5,5,5,24.535542242703535,36.555354838709675,44784.0,-0.8341361702102272,-0.7649629663376398,-0.9033093740828164,-0.9408434949128379,-0.6787842765595835,-1.2029027132660914,-0.10670732470260891,0.0861786897780572,-0.2995933391832759
北半球,Pakistan,30.3753,W1 2020-21冬,5,5,5,12.54925806451613,27.9660752688172,338961.0,-0.03841929670049282,0.13995431338980602,-0.21679290679078989,0.28666720267181756,0.4722194511140172,0.1011149542296188,0.32508649937230905,0.3322651377242103,0.31790786102040736
北半球,Panama,8.538,W1 2020-21冬,5,5,5,18.77979723502304,19.65089247311828,221453.0,0.7530818942350024,0.7361771201686693,0.7699866683013372,0.7699797707320482,0.34314057449477886,1.1968189669693174,0.016897876497043995,-0.3930365456738918,0.42683229866797934
北半球,Philippines,12.879721,W1 2020-21冬,5,5,5,26.216677419354834,28.19794623655914,366559.0,-0.6138083090298334,0.1897470481444934,-1.4173636662041602,-0.3186791537203897,0.3271813827480665,-0.9645396901888459,0.2951291553094433,0.13743433460357357,0.4528239760153139
北半球,Poland,51.91940000000001,W1 2020-21冬,5,5,5,1.7470737327188939,17.1462688172043,1958986.0,3.025603834925324,3.2153399448293722,2.8358677250212754,2.745279308620418,2.8582731656357243,2.632285451605112,-0.2803245263049057,-0.3570667791936475,-0.20358227341616386
北半球,Portugal,39.3999,W1 2020-21冬,5,5,5,11.519339477726573,21.48466666666667,680443.0,1.8367273040595293,2.6008301280674253,1.0726244800516351,2.5516873859810127,2.6239375979785615,2.479437173983465,0.714960081921483,0.02310746991113577,1.4068126939318302
北半球,Qatar,25.3548,W1 2020-21冬,5,5,5,21.04714592933948,35.111000000000004,47408.0,-0.2188713787193084,-0.8628369085170817,0.4250941510784667,0.3348301243544385,-0.2315926058007376,0.9012528545096146,0.5537015030737464,0.6312443027163441,0.47615870343114786
北半球,Romania,45.9432,W1 2020-21冬,5,5,5,1.4255576036866358,17.09158064516129,711464.0,1.6013948380316503,1.8195098932910856,1.383279782772215,0.7231440917637144,1.234881493178432,0.21140669034899773,-0.8782507462679368,-0.584628400112654,-1.1718730924232195
北半球,Russia,61.52401,W1 2020-21冬,5,5,5,-5.173265745007681,17.104784946236556,2887967.0,0.5420480068279847,0.9982345487233744,0.08586146493259506,0.3638413515743739,1.1645418048504528,-0.4368591017017067,-0.17820665525361257,0.16630725612707753,-0.5227205666343027
北半球,Saudi Arabia,23.885942,W1 2020-21冬,5,5,5,18.76827803379416,33.77954838709677,42725.0,-1.5493658084743664,-1.9877444872896586,-1.1109871296590743,-0.9192078775485024,-1.4933853749553654,-0.34503038014163856,0.6301579309258645,0.49435911233429364,0.7659567495174362
北半球,Serbia,44.0165,W1 2020-21冬,5,5,5,4.392519201228879,19.76025806451613,553642.0,1.9507543479429987,3.116132332923369,0.7853763629626265,1.4263523996363237,2.2053762426100283,0.647328556662619,-0.5244019483066742,-0.9107560903133405,-0.13804780630000746
北半球,Slovakia,48.669,W1 2020-21冬,5,3,5,-1.7268095238095238,13.916311827956989,648053.0,3.1911154522976624,3.826144207160744,2.55608669743458,3.6936346664485677,4.514932831904486,2.87233650099265,0.5025192141509063,0.6887886247437427,0.31624980355806986
北半球,Slovenia,46.1512,W1 2020-21冬,5,3,5,4.374557603686635,19.36500358422939,181295.0,2.254615500768802,3.2807549449608002,1.2284760565768043,2.699469676539853,3.0899848118001803,2.308954541279526,0.44485417577105046,-0.19077013316061997,1.080478484702721
北半球,Spain,40.463667,W1 2020-21冬,5,5,5,8.07942549923195,22.82579569892473,2098675.0,0.8544345546042962,1.3287375212559436,0.3801315879526488,1.5322053034058598,1.5288750659713841,1.5355355408403355,0.6777707488015636,0.20013754471544054,1.1554039528876867
北半球,Sweden,60.128161,W1 2020-21冬,5,5,5,1.7090184331797231,14.289666666666667,680531.0,1.7952117702007708,2.2565101497729394,1.3339133906286023,1.8877899152366986,1.2883908409687397,2.4871889895046575,0.09257814503592687,-0.9681193088041997,1.1532755988760544
北半球,Switzerland,46.8182,W1 2020-21冬,5,5,5,-1.5640660522273424,10.79958064516129,446873.0,1.922063494071221,2.936968180388339,0.9071588077541026,2.8899690041629658,3.2701944353909917,2.5097435729349398,0.9679055100917449,0.33322625500265346,1.6025847651808371
北半球,Turkey,38.9637,W1 2020-21冬,5,5,5,2.9898310291858676,19.736956989247314,2941815.0,1.4639329689578542,2.6961994871166226,0.23166645079908577,0.8189398698659742,1.548176689854099,0.0897030498778495,-0.64499309909188,-1.1480227972625232,-0.14196340092123627
北半球,US,40.0,W1 2020-21冬,5,5,5,3.678542242703533,22.049225806451613,21403133.0,0.9519002186939378,1.2446410662977563,0.6591593710901194,0.826882401738672,0.9180898610231072,0.7356749424542368,-0.1250178169552667,-0.3265512052746504,0.07651557136411657
北半球,Ukraine,48.3794,W1 2020-21冬,5,5,5,0.4694347158218126,19.173956989247312,1325699.0,1.5233972255668,1.8713790934313206,1.1754153577022777,1.2274308523535087,1.7400270046741033,0.7148347000329132,-0.29596637321329045,-0.13135208875721682,-0.46058065766936407
北半球,United Arab Emirates,23.424076,W1 2020-21冬,5,5,5,21.704511520737327,35.17027956989247,328815.0,0.9068391353495517,1.3923311276617873,0.42134714303731613,1.1019066901513037,1.4610859901045243,0.7427273901980831,0.19506755480175286,0.06875486244273787,0.32138024716076785
北半球,United Kingdom,55.22978733969726,W1 2020-21冬,5,5,5,3.439503840245776,12.398978494623655,3345191.0,1.2356525256431805,2.490965579821353,-0.019660528534991784,1.874787325431905,1.9351824745861803,1.8143921762776296,0.6391347997887236,-0.5557831052351734,1.8340527048126214
北半球,Uzbekistan,41.377491,W1 2020-21冬,4,5,5,1.056048387096774,27.288279569892474,14722.0,-1.2981883182189105,-1.08897490979132,-1.5074017266464992,-2.507866193260547,-2.4216885777949324,-2.5940438087261617,-1.2096778750416366,-1.3327136680036116,-1.0866420820796616
北半球,Venezuela,6.4238,W1 2020-21冬,5,5,5,26.33991397849462,25.56698924731183,68484.0,-0.5023996842396361,-0.08807067400012158,-0.9167286944791488,-0.1718909158251618,0.3887264227902021,-0.7325082544405257,0.3305087684144734,0.47679709679032367,0.18422044003862403
北半球,West Bank and Gaza,31.9522,W1 2020-21冬,5,4,5,12.075944700460829,23.662137096774195,188833.0,0.9541616265847139,1.342660079746043,0.565663173423383,1.1533337099034853,1.5415226272583196,0.7651447925486501,0.19917208331877045,0.19886254751227472,0.1994816191252653
北半球,Afghanistan,33.93911,W2 2021-22冬,5,5,5,-8.140920122887866,9.93052688172043,21497.0,-0.7168099360060936,-1.4904691249752133,0.05684925296302623,-0.667886246026419,-2.4722271339041075,1.1364546418512695,0.048923689979674556,-0.9817580089288946,1.0796053888882442
北半球,Albania,41.1533,W2 2021-22冬,5,4,4,8.138769585253456,23.845497311827955,88377.0,0.41499675415227344,0.5990175600578418,0.2309759482467051,0.6228043712074047,-0.11076885766708777,1.3563776000818977,0.2078076170551313,-0.7097864177249287,1.1254016518351921
北半球,Armenia,40.0691,W2 2021-22冬,5,5,3,-8.177344086021506,11.32373835125448,114193.0,1.0835811740051255,0.9172588603735399,1.2499034876367094,1.109251800444416,-0.13027087457458908,2.3487744754634203,0.025670626439290523,-1.047529734948129,1.0988709878267109
北半球,Austria,47.5162,W2 2021-22冬,5,5,5,-1.0344193548387097,13.196655913978494,3019788.0,2.162485148589383,3.1756050034293857,1.1493652937493817,1.5680529681201385,1.6178678885945592,1.5182380476457178,-0.5944321804692452,-1.5577371148348265,0.3688727538963361
北半球,Azerbaijan,40.1431,W2 2021-22冬,5,5,3,6.882964669738864,27.87746594982079,260562.0,1.0842884993798059,0.4581506958686763,1.7104263028909372,0.924268586123917,0.04567452354243429,1.8028626487054007,-0.1600199132558897,-0.412476172326242,0.09243634581446258
北半球,Bahrain,26.0275,W2 2021-22冬,4,5,5,19.08796082949309,34.6577311827957,276779.0,1.1946592536567433,1.2601411113984025,1.129177395915086,-0.471297487947798,-1.7759980479639834,0.8334030720683874,-1.6659567416045427,-3.0361391593623868,-0.29577432384669944
北半球,Bangladesh,23.685,W2 2021-22冬,5,5,5,20.66883102918587,28.247602150537634,382038.0,0.4633967463197095,-0.7350572704024785,1.6618507630418993,-0.5785586929867579,-2.579842488718321,1.4227251027448045,-1.0419554393064692,-1.8447852183158426,-0.2391256602970957
北半球,Belgium,50.8333,W2 2021-22冬,5,5,5,5.859150537634409,16.80177419354839,2490398.0,1.954889448957628,2.2800132841828855,1.6297656137323706,1.466592206522705,1.5326873754562067,1.4004970375892043,-0.4882972424349221,-0.7473259087266779,-0.2292685761431663
北半球,Bosnia and Herzegovina,43.9159,W2 2021-22冬,5,5,5,-3.4566758832565285,11.88968817204301,122682.0,1.4756911026961568,1.2173922998404976,1.7339899055518178,1.355083376814962,0.4854017093568572,2.2247650442730666,-0.12060772588119528,-0.7319905904836395,0.49077513872124845
北半球,Bulgaria,42.7339,W2 2021-22冬,5,5,5,0.16270046082949308,15.961215053763443,536431.0,1.6774571911864555,1.7021974314077042,1.6527169509652069,1.5776065608761272,0.5803030004149461,2.5749101213373082,-0.09985063031032837,-1.1218944309927585,0.9221931703721022
北半球,Canada,52.18975974959941,W2 2021-22冬,5,5,5,-3.93626113671275,18.984881720430106,1769744.0,1.363481981278305,1.4908927218004493,1.236071240756159,0.7322014342052992,0.9601096576399204,0.5042932107706779,-0.6312805470730032,-0.5307830641605271,-0.7317780299854793
北半球,China,23.65995342661174,W2 2021-22冬,5,5,5,15.754963133640553,26.93210752688172,1264099.0,2.771308798085423,5.0096066318080155,0.5330109643628305,3.8115280202227133,5.307166981825018,2.3158890586204084,1.0402192221372903,0.29756035001700365,1.782878094257578
北半球,Colombia,4.5709,W2 2021-22冬,5,5,5,12.949341013824883,12.660494623655914,1082529.0,0.4781593997954605,-0.661471456842385,1.617790256433306,0.22822429617611917,-1.3100873644395605,1.7665359567917998,-0.24993510361934135,-0.648615907597176,0.14874570035849377
北半球,Costa Rica,9.7489,W2 2021-22冬,5,5,4,16.74379569892473,18.59569892473118,278839.0,-0.06521187336982415,-0.008410268256543674,-0.1220134784831064,-0.2214300215202618,-1.0170470247710703,0.5741869817305467,-0.1562181481504359,-1.0086367565145258,0.696200460213654
北半球,Croatia,45.1,W2 2021-22冬,5,5,5,0.5965545314900152,15.328612903225807,628828.0,1.9514506871908939,2.1587964334701404,1.7441049409116474,1.5975345874265763,1.591654827223123,1.6034143476300295,-0.3539160997643167,-0.5671416062470165,-0.14069059328161693
北半球,Cyprus,35.1264,W2 2021-22冬,5,5,5,12.32200614439324,27.500999999999998,306709.0,1.3919357659972267,1.7380085586688399,1.0458629733256153,0.8623774581291448,0.6236581542625181,1.1010967619957719,-0.5295583078680819,-1.1143504044063208,0.05523378867015616
北半球,Czechia,49.8175,W2 2021-22冬,5,5,5,2.3374024577572965,16.272451612903225,2303662.0,2.8782031290562617,3.6358010335649134,2.12060522454761,2.2332617511225665,2.592651255915679,1.8738722463294533,-0.6449413779336952,-1.0431497776492344,-0.24673297821815598
北半球,Denmark,56.37399668911018,W2 2021-22冬,5,5,5,3.9142304147465437,14.444247311827956,2714675.0,2.9549623817438135,3.2123219755906067,2.6976027878970203,2.0473577792634217,2.8414943298844504,1.253221228642393,-0.9076046024803928,-0.3708276457061572,-1.4443815592546283
北半球,El Salvador,13.794200000000002,W2 2021-22冬,5,5,4,24.99647465437788,24.21818817204301,47630.0,0.13145351655260562,0.3038381965560948,-0.04093116345088532,-0.07983698868277145,-1.2656663733312756,1.1059923959657323,-0.21129050523537618,-1.5695045698873709,1.146923559416618
北半球,Estonia,58.59530000000001,W2 2021-22冬,5,5,5,-1.2662703533026114,15.05005376344086,362335.0,2.4286469323265543,2.3592330599059412,2.498060804747169,1.452336242364014,1.3528132424964392,1.5518592422315884,-0.9763106899625411,-1.0064198174095011,-0.9462015625155802
北半球,Ethiopia,9.145,W2 2021-22冬,5,5,4,22.61545161290322,24.61087634408602,104591.0,0.7390394336503601,0.17008779686013753,1.3079910704405844,0.6995947913081295,-1.0023354582326904,2.401525040848949,-0.03944464234222966,-1.1724232550928262,1.093533970408366
北半球,Finland,61.924110000000006,W2 2021-22冬,5,5,5,-3.2241920122887864,14.148440860215056,724252.0,1.7825879750175986,2.578188103983507,0.9869878460516901,1.1962224475297685,2.280062613044515,0.11238228201502132,-0.586365527487831,-0.29812549093899143,-0.8746055640366697
北半球,France,44.61517569245893,W2 2021-22冬,5,5,5,4.619663594470046,17.383279569892473,18534646.0,1.7685106026858488,2.530233520642712,1.0067876847289874,1.0623744001248348,0.997680009353263,1.1270687908964074,-0.706136202561015,-1.53255351128945,0.12028110616741916
北半球,Georgia,42.3154,W2 2021-22冬,5,5,5,3.7632442396313364,19.940559139784945,929017.0,1.5612293662906094,1.1213782146852154,2.0010805178960016,2.004287533249,0.03847375620577065,3.9701013102922293,0.44305816695839084,-1.0829044584794456,1.9690207923962273
北半球,Germany,51.165691,W2 2021-22冬,5,5,5,3.510364055299539,16.73747311827957,16545389.0,1.813807804480005,2.97345685372413,0.6541587552358781,1.2064688384279503,1.5049805643752467,0.9079571124806547,-0.6073389660520538,-1.4684762893488843,0.25379835724477573
北半球,Greece,39.0742,W2 2021-22冬,5,5,5,3.885778801843318,19.489,2288259.0,1.1783654567115622,1.9966093046632523,0.3601216087598722,1.111047475400329,1.1011383123970635,1.1209566384035945,-0.06731798131123412,-0.8954709922661905,0.7608350296437223
北半球,Guatemala,15.783500000000002,W2 2021-22冬,5,5,5,21.107238095238095,23.93697849462366,227302.0,-0.2909253450828331,-0.3807933192855142,-0.2010573708801502,-0.7774809335098345,-1.393758787582466,-0.16120307943720302,-0.4865555884270023,-1.0129654682969522,0.03985429144294805
北半球,Honduras,15.2,W2 2021-22冬,5,5,5,20.146425499231952,22.4215376344086,45681.0,-0.4471476103196075,-1.2130664207661344,0.3187712001269212,-0.28183523180727743,-2.078698691577581,1.5150282279630258,0.16531237851233005,-0.865632270811445,1.196257027836105
北半球,Hungary,47.1625,W2 2021-22冬,5,5,5,3.6582503840245777,20.324956989247312,988452.0,2.3797371759108685,3.126671916463927,1.6328024353578119,2.412661236058198,2.5433628300521676,2.281959642064227,0.032924060147328404,-0.5833090864117585,0.6491572067064153
北半球,India,20.593684,W2 2021-22冬,5,5,5,20.18226420890937,26.522559139784946,8739961.0,0.6206439400803632,-0.5132348353104259,1.754522715471154,0.7423351857298872,-1.0305276680351376,2.515198039494911,0.12169124564952227,-0.5172928327247117,0.7606753240237563
北半球,Iran,32.427908,W2 2021-22冬,5,5,5,9.229084485407068,31.05661290322581,1237582.0,0.20830885013980094,-0.9143521743337608,1.3309698746133627,-0.030891052538477126,-1.3591165305236483,1.2973344254466932,-0.23919990267827806,-0.4447643561898875,-0.03363544916666861
北半球,Iraq,33.223191,W2 2021-22冬,5,5,5,13.86305376344086,34.223333333333336,264302.0,-0.29706783553092997,-1.2667684283204164,0.6726327572585564,0.4583564904197166,-1.4785815102588806,2.3952944910983134,0.7554243259506466,-0.21181308193846426,1.7226617338397565
北半球,Ireland,53.1424,W2 2021-22冬,5,5,5,6.739218125960062,14.067462365591398,1013831.0,1.953239122180424,1.9722919935506908,1.934186250810157,0.8825804535164217,1.173609940595819,0.5915509664370244,-1.0706586686640032,-0.7986820529548737,-1.3426352843731335
北半球,Israel,31.046050999999995,W2 2021-22冬,5,5,5,12.97293241167435,24.69298924731183,2590767.0,1.6250358798569735,1.7644772052633773,1.4855945544505715,0.7053454402644057,0.41497838702072265,0.9957124935080879,-0.9196904395925696,-1.3494988182426546,-0.48988206094248454
北半球,Italy,41.87194,W2 2021-22冬,5,5,5,9.540325652841782,23.94336559139785,9870389.0,1.6089405538947332,2.7207807477859713,0.4971003600034969,1.1553934858277124,1.468781005779098,0.8420059658763268,-0.45354706806702083,-1.2519997420068725,0.3449056058728308
北半球,Japan,36.204824,W2 2021-22冬,5,5,5,6.845963133640554,23.376537634408603,4842676.0,0.22622290686754276,1.4710366178482737,-1.0185908041131864,0.1043040789373535,0.5937697307806573,-0.3851615729059503,-0.12191882793019104,-0.8772668870676164,0.6334292312072352
北半球,Jordan,31.24,W2 2021-22冬,5,5,5,10.987172043010753,26.34489247311828,829944.0,2.391299894330725,1.997996201673848,2.7846035869876005,2.1962169665306703,0.5175195870287892,3.874914346032552,-0.19508292780005387,-1.4804766146450588,1.090310759044951
北半球,Kazakhstan,48.01959999999999,W2 2021-22冬,5,5,4,-5.890188940092166,21.353013440860217,373538.0,0.3808108869926521,-0.4525211309451507,1.2141429049304566,0.757154923183351,-1.9428176818964245,3.4571275282631264,0.376344036190698,-1.4902965509512738,2.24298462333267
北半球,"Korea, South",35.907757,W2 2021-22冬,5,5,5,0.8418264208909371,19.990376344086023,13009432.0,2.384244479300877,4.220428999772366,0.5480599588293877,2.2283956100240134,3.1462109238196847,1.3105802962283422,-0.1558488692768627,-1.0742180759526807,0.7625203373989553
北半球,Kosovo,42.602636,W2 2021-22冬,3,5,4,1.8269585253456222,20.01121505376344,65987.0,0.6834101183078705,0.6672115629440807,0.6996086736716585,-0.003945460670820022,-1.133459019998278,1.1255680986566379,-0.6873555789786909,-1.8006705829423595,0.4259594249849785
北半球,Kuwait,29.31166,W2 2021-22冬,5,5,3,16.377142857142857,36.93081362007169,216300.0,1.1218049342709033,0.4518503993137486,1.7917594692280563,-0.1991709449622756,-2.095790679681365,1.6974487897568136,-1.3209758792331776,-2.547641078995114,-0.09431067947124205
北半球,Latvia,56.8796,W2 2021-22冬,5,5,5,-0.22163287250384026,15.42016129032258,579756.0,2.179336175763167,2.6804252487043687,1.6782471028219668,1.532303728914937,0.997968762888422,2.066638694941453,-0.6470324468482307,-1.6824564858159468,0.38839159211948626
北半球,Lebanon,33.8547,W2 2021-22冬,5,5,5,5.29879569892473,20.271193548387096,450133.0,1.4299069285370027,1.5281329562282284,1.3316809008457788,1.3060848196147639,0.7975419790978133,1.8146276601317144,-0.12382210892224066,-0.7305909771304169,0.48294675928593556
北半球,Lithuania,55.16940000000001,W2 2021-22冬,5,5,5,0.7226881720430106,16.075483870967744,699994.0,2.0257782107379683,2.1073034841314566,1.9442529373444817,1.4717319387613728,0.594682138022482,2.348781739500264,-0.5540462719765982,-1.5126213461089764,0.4045288021557809
北半球,Luxembourg,49.8153,W2 2021-22冬,5,5,5,4.034924731182795,16.24798924731183,134148.0,1.7057762811670738,2.4997764772358995,0.9117760850982481,1.455548665983629,1.8021222562636015,1.1089750757036563,-0.2502276151834444,-0.6976542209722973,0.19719899060540946
北半球,Malaysia,4.210484,W2 2021-22冬,5,5,5,25.45941935483871,26.96378494623656,1730277.0,0.711351399431523,-0.05984249630084548,1.4825452951638933,0.1804298672324558,-1.5624475176126529,1.9233072520775654,-0.5309215321990672,-1.5026050213118074,0.44076195691367204
北半球,Mexico,23.6345,W2 2021-22冬,5,5,5,15.724322580645161,17.98610752688172,1852324.0,0.32794893305590556,0.33921244187033217,0.31668542424147894,0.501931725417478,-0.7102298365416608,1.7140932873766177,0.1739827923615742,-1.0494422784119917,1.3974078631351396
北半球,Moldova,47.4116,W2 2021-22冬,5,5,5,2.3168110599078338,18.980161290322584,175674.0,1.1401625154500792,1.3946054974616189,0.8857195334385413,1.3522638868892631,0.6988172014204252,2.0057105723581,0.21210137143918306,-0.6957882960411936,1.1199910389195606
北半球,Mongolia,46.8625,W2 2021-22冬,4,5,4,-12.169078341013826,13.368255376344084,317357.0,0.9158694837239221,0.13523610915580697,1.6965028582920372,0.5870685293294433,-1.477446530775552,2.6515835894344386,-0.3288009543944792,-1.6126826399313599,0.9550807311424006
北半球,Montenegro,42.708678,W2 2021-22冬,5,5,5,5.7125069124423975,21.35890322580645,88788.0,0.8186363351548192,0.9566609093008598,0.6806117610087785,0.9603862060871338,-0.03375847992495373,1.9545308920992208,0.14174987093231373,-0.9904193892258144,1.273919131090441
北半球,Morocco,31.7917,W2 2021-22冬,5,5,5,13.30288786482335,26.469978494623653,217129.0,0.05565484351270911,-0.664091777145881,0.7754014641712992,0.2066719126441292,-1.4360707726981783,1.8494145979864367,0.1510170691314192,-0.7719789955522982,1.0740131338151366
北半球,Nepal,28.1667,W2 2021-22冬,5,5,4,15.482686635944699,25.588860215053764,165856.0,0.4084980867215684,-1.0455920587884489,1.8625882322315856,-0.37402142114385306,-2.4555419678980206,1.707499125610315,-0.7825195078654215,-1.4099499091095717,-0.1550891066212703
北半球,Netherlands,51.62419146215896,W2 2021-22冬,5,5,5,6.55015514592934,16.731182795698928,5772169.0,2.5489747297970506,2.417774810017171,2.68017464957693,1.6050093396130274,1.296336606041196,1.9136820731848587,-0.9439653901840233,-1.1214382039759752,-0.7664925763920705
北半球,Nigeria,9.082,W2 2021-22冬,4,5,3,26.10763440860215,23.801021505376344,42075.0,0.8471332546170611,0.2571311599227517,1.4371353493113688,0.5671154699597012,-1.3100904297535196,2.444321369672922,-0.2800177846573595,-1.5672215896762722,1.0071860203615532
北半球,North Macedonia,41.6086,W2 2021-22冬,5,4,5,4.949874039938556,22.72278494623656,103427.0,0.9461644023466764,0.7617192088041005,1.1306095958892541,0.889092055983709,-0.16173310169028277,1.9399172136577016,-0.05707234636296832,-0.9234523104943837,0.8093076177684475
北半球,Norway,60.472,W2 2021-22冬,5,5,5,-3.0656605222734257,10.655268817204302,1198680.0,3.123370125588588,2.7521954234153387,3.494544827761837,1.6771724773017205,2.8162637857424424,0.5380811688609981,-1.4461976482868675,0.06406836232710322,-2.956463658900839
北半球,Pakistan,30.3753,W2 2021-22冬,5,5,5,12.636324116743472,27.445397849462363,251413.0,0.6064204636197594,-0.5155809580645077,1.7284218853040265,0.19707246636748366,-1.566536533640658,1.9606814663756258,-0.40934799725227755,-1.0509555755761522,0.23225958107159794
北半球,Panama,8.538,W2 2021-22冬,5,5,5,18.491887864823347,19.296075268817205,291872.0,0.686588951398674,1.0460916409455496,0.32708626185179845,0.44676445071213333,-0.1717866133307746,1.0653155147550404,-0.2398245006865407,-1.2178782542763242,0.7382292529032419
北半球,Philippines,12.879721,W2 2021-22冬,5,5,5,26.993136712749617,27.839989247311827,890969.0,0.3466187440389028,-0.5292135223418626,1.2224510104196664,0.44066101144442094,-0.5032791184006671,1.384601141289509,0.09404226740551813,0.025934403941194617,0.16215013086984165
北半球,Poland,51.91940000000001,W2 2021-22冬,5,5,5,2.34905376344086,17.27401075268817,2937684.0,2.766279383602388,3.2410622483941793,2.291496518810595,2.6368802666266156,2.2741149193722503,2.9996456138809817,-0.12939911697577333,-0.9669473290219313,0.708149095070385
北半球,Portugal,39.3999,W2 2021-22冬,5,5,5,11.549502304147467,21.789881720430106,2648268.0,1.5115040065211875,2.4315415438029753,0.591466469239398,0.8566355308780569,1.2412685890696329,0.47200247268648177,-0.6548684756431289,-1.1902729547333415,-0.1194639965529154
北半球,Qatar,25.3548,W2 2021-22冬,4,5,5,19.971922043010753,35.01953763440861,117735.0,1.0442779032961003,1.557883047808355,0.5306727587838438,1.3374969091174955,0.20810567394966917,2.466888144285322,0.29321900582139726,-1.349777373858685,1.9362153855014794
北半球,Romania,45.9432,W2 2021-22冬,5,5,5,1.244448540706605,17.239021505376343,1205539.0,1.5396153598063353,1.9106370126711791,1.1685937069414898,0.832700296470791,-0.26851740706846794,1.933918000010049,-0.7069150633355443,-2.179154419739648,0.7653242930685584
北半球,Russia,61.52401,W2 2021-22冬,5,5,5,-3.425970814132105,17.09431182795699,9205127.0,1.2233963242772514,1.2450692819995002,1.2017233665550027,1.1484707018548104,0.0015884446339384795,2.2953529590756823,-0.07492562242244194,-1.243480837365563,1.0936295925206787
北半球,Saudi Arabia,23.885942,W2 2021-22冬,5,5,5,18.56078187403994,33.810752688172045,202197.0,0.8088775227970117,0.4434711110203242,1.1742839345736975,-0.9333064971655323,-1.8199119012850846,-0.0467010930459808,-1.7421840199625436,-2.2633830123054084,-1.2209850276196779
北半球,Serbia,44.0165,W2 2021-22冬,5,5,5,3.8061459293394777,20.415462365591395,833818.0,1.0238433459345302,1.1948732476093529,0.8528134442597057,1.026829641985314,0.6044070726982564,1.4492522112723716,0.002986296050783821,-0.5904661749110964,0.596438767012665
北半球,Singapore,1.2833,W2 2021-22冬,5,5,5,26.708881720430107,27.3761935483871,898054.0,1.7313120344111397,3.2341965760094453,0.22842749281283403,0.9075295565280537,0.9788110888554886,0.8362480242006187,-0.8237824778830847,-2.255385487153955,0.6078205313877847
北半球,Slovakia,48.669,W2 2021-22冬,5,5,4,-1.7173870967741933,13.263919354838709,1544211.0,2.983877873820875,3.424382593582429,2.543373154059319,2.587405769008744,2.287883859295367,2.886927678722121,-0.3964721048121307,-1.1364987342870627,0.34355452466280134
北半球,Slovenia,46.1512,W2 2021-22冬,5,5,5,3.899966205837174,19.196698924731184,632259.0,1.885864194694948,2.477649638119507,1.2940787512703906,1.7031271202419038,1.570344986642823,1.8359092538409842,-0.18273707445304588,-0.9073046514766849,0.5418305025705932
北半球,Spain,40.463667,W2 2021-22冬,5,5,5,8.056199692780337,23.55763440860215,6497161.0,1.4791805093598196,1.510190706997804,1.4481703117218334,0.6671173916474515,0.7545105579997653,0.5797242252951369,-0.812063117712368,-0.7556801489980387,-0.8684460864266974
北半球,Sri Lanka,7.873054,W2 2021-22冬,5,5,3,24.70642396313364,26.82093548387097,120558.0,0.5822698313217103,-1.2221488238532974,2.386688486496717,0.06395030689610959,-1.656298970627895,1.784199584420115,-0.5183195244256003,-0.4341501467745976,-0.6024889020766029
北半球,Sweden,60.128161,W2 2021-22冬,5,5,5,0.6253917050691244,14.498408602150537,1316340.0,2.3521739238625745,1.9936504520145295,2.7106973957106195,1.2725797108786194,1.7531192327268883,0.7920401890303497,-1.079594212983956,-0.2405312192876421,-1.9186572066802698
北半球,Switzerland,46.8182,W2 2021-22冬,5,5,5,-1.1812273425499231,11.322236559139785,2624941.0,2.1838406352707658,2.677698068422975,1.6899832021185563,1.8573370509969829,1.5077960929571024,2.2068780090368625,-0.3265035842737838,-1.1699019754658737,0.5168948069183061
北半球,Taiwan*,23.7,W2 2021-22冬,3,3,5,12.593202764976958,19.41324731182796,6365.0,-3.6101829061290758,-0.8265018097229788,-6.393864002535173,-6.132073729673685,-5.0912931971137105,-7.17285426223366,-2.5218908235446094,-4.264791387390732,-0.778990259698487
北半球,Thailand,15.870032000000002,W2 2021-22冬,5,5,5,25.47346390168971,27.127172043010752,1716323.0,0.7454497733440473,0.10949264987146101,1.3814068968166335,-0.08174396374020887,-0.9339216839559032,0.7704337564754855,-0.8271937370842553,-1.0434143338273634,-0.6109731403411462
北半球,Tunisia,33.886917,W2 2021-22冬,5,5,5,13.43898617511521,29.679344086021505,323137.0,0.45543889123477577,-0.20855399943040887,1.1194317818999604,0.10939099416197084,-1.4045494219856751,1.6233314103096168,-0.34604789707280403,-1.1959954225552658,0.5038996284096582
北半球,Turkey,38.9637,W2 2021-22冬,5,5,5,1.5221874039938557,19.094139784946236,6827572.0,1.1919444473330785,1.073608832887766,1.3102800617783927,1.190042473084615,0.042008988597476815,2.3380759575717525,-0.0019019742484651658,-1.0315998442902892,1.0277958957933597
北半球,US,40.0,W2 2021-22冬,5,5,5,3.7612811059907836,22.256720430107528,34168224.0,0.978589659257679,1.1269181472682614,0.8302611712470966,0.8328378017155966,0.41142534226289307,1.2542502611683002,-0.14575185754208153,-0.7154928050053684,0.42398908992120443
北半球,Ukraine,48.3794,W2 2021-22冬,5,5,5,1.4878387096774195,18.759752688172043,2139586.0,1.9110886676675154,1.6540878425728014,2.1680894927622294,1.599036647883156,0.6344683256907686,2.563604970075543,-0.3120520197843599,-1.0196195168820328,0.39551547731331294
北半球,United Arab Emirates,23.424076,W2 2021-22冬,4,5,5,20.84147465437788,35.050763440860216,140068.0,0.04855881174747623,-0.20887656925385834,0.30599419274881257,0.282445829071329,-0.8922055297094236,1.4570971878520815,0.23388701732385186,-0.6833289604555652,1.151102995103269
北半球,United Kingdom,55.22978733969726,W2 2021-22冬,5,5,5,4.307935483870968,12.66831182795699,12209236.0,1.6293855357913216,1.2750083938678447,1.9837626777147968,0.6881176980155876,0.6225761123867253,0.75365928364445,-0.941267837775734,-0.6524322814811194,-1.2301033940703476
北半球,Venezuela,6.4238,W2 2021-22冬,5,5,5,26.720677419354843,25.196806451612904,113222.0,0.6014175487171425,-0.4139783426456791,1.6168134400799659,0.2495908391914723,-1.294179072212085,1.793360750595029,-0.3518267095256711,-0.8802007295664058,0.17654731051506278
北半球,Vietnam,14.058324,W2 2021-22冬,5,5,5,20.723545314900154,22.70340860215054,8643487.0,2.3694822227054324,2.395282845733803,2.3436815996770637,2.662171725771123,-0.10906658819726545,5.4334100397395115,0.29268950306568975,-2.5043494339310675,3.089728440062448
北半球,West Bank and Gaza,31.9522,W2 2021-22冬,5,5,4,10.638732718894008,22.97603494623656,202753.0,0.9564724172813381,0.6367886362835833,1.2761561982790948,1.2160452805706106,-0.2614098589462577,2.6935004200874784,0.25957286328927065,-0.8981984952298419,1.417344221808384
南半球,Argentina,-38.4161,W2 2021冬,5,5,5,12.245462365591397,22.17143701996928,2279539.0,0.07965440311668992,0.6568524547931123,-0.49754364855973243,0.9345233602081962,0.6039333021941076,1.2651134182222847,0.8548689570915062,-0.05291915259900426,1.7626570667820172
南半球,Bolivia,-16.2902,W2 2021冬,5,5,5,23.206365591397848,25.86687557603687,196713.0,-0.1354955749037945,0.40919320605629395,-0.6801843558638829,0.43774872059386283,0.28931387334257685,0.5861835678451479,0.5732442954976569,-0.11987933271371665,1.2663679237090304
南半球,Botswana,-22.3285,W2 2021冬,5,5,5,18.207698924731183,24.524456221198157,132286.0,0.7443250035666651,1.382235662930153,0.1064143442031753,1.3415413252803594,0.9036537937901423,1.779428856770576,0.5972163217136952,-0.47858186914001033,1.6730145125674003
南半球,Brazil,-14.235,W2 2021冬,5,5,5,18.362301075268817,21.982399385560676,6757258.0,-0.12641350404626195,-0.06701710256610127,-0.1858099055264244,0.42957489744470756,-0.29676889013020435,1.1559186850196213,0.5559884014909713,-0.2297517875641022,1.3417285905460448
南半球,Chile,-35.6751,W2 2021冬,5,5,5,11.460150537634409,19.392206605222732,456019.0,-0.7108585365691216,-0.06219568995077118,-1.359521383187472,-0.4094742939006064,-0.09899807218285694,-0.7199505156183559,0.3013842426685147,-0.036802382232086206,0.6395708675691156
南半球,Ecuador,-1.8312,W2 2021冬,5,5,5,18.416322580645165,18.9372534562212,128315.0,-0.6031776714434987,-0.2241982106456497,-0.9821571322413458,1.3406615210771502,1.0120879800237965,1.669235062130503,1.943839192520648,1.2362861906694467,2.651392194371849
南半球,Indonesia,-0.7893,W2 2021冬,5,5,5,27.14230107526882,25.342293394777265,2546736.0,0.6013652562420706,0.8380270845832509,0.3647034279008903,1.61972583566053,1.203303150766894,2.036148520554165,1.018360579418459,0.3652760661836427,1.6714450926532742
南半球,Kenya,-0.0236,W2 2021冬,5,5,4,24.65806451612903,24.59080549155146,90116.0,0.08401001128201813,0.13334751955982327,0.03467250300421476,1.1656839982657239,0.6257653251212298,1.705602671410218,1.081673986983704,0.4924178055614066,1.6709301684060023
南半球,Mozambique,-18.665695,W2 2021冬,5,5,3,21.005419354838708,26.635029953917055,80806.0,-0.013020746067045508,0.39000471212011156,-0.41604620425420435,0.7349641050329598,0.4743928096644989,0.9955354004014216,0.7479848511000062,0.08438809754438736,1.411581604655625
南半球,Paraguay,-23.4425,W2 2021冬,5,5,5,21.43632258064516,27.843842549923195,180890.0,0.0722511553261338,0.17742230570399897,-0.03291999505173138,0.9675931893268856,0.7303093779734375,1.2048770006803347,0.8953420340007527,0.552887072269439,1.237796995732067
南半球,Peru,-9.19,W2 2021冬,5,5,5,17.623483870967743,22.311199692780338,375860.0,-0.9104091128306457,-0.5456410875004458,-1.2751771381608457,-0.3470878411924865,-1.2432347562158927,0.549059073830918,0.5633212716381584,-0.6975936687154474,1.8242362119917637
南半球,South Africa,-30.5595,W2 2021冬,5,5,5,12.695204301075268,20.960619815668203,1321462.0,0.4898700621078831,0.47389628672253536,0.505843837493229,0.5651101225465602,0.0006343357056728394,1.1295859093874467,0.07524006043867759,-0.4732619510168621,0.6237420718942173
南半球,Uruguay,-32.5228,W2 2021冬,5,5,5,12.891118279569895,22.47304685099846,190500.0,-0.1662174116630286,0.6205213711338207,-0.9529561944598779,0.44734754301202795,0.1366917360759876,0.7580033499480683,0.6135649546750566,-0.4838296350578326,1.7109595444079462
南半球,Zambia,-13.133897,W2 2021冬,5,5,4,19.46258064516129,21.30580069124424,117460.0,0.1813687100557715,0.48962619442953326,-0.1268887743179885,1.4440039673538054,0.9976930590637307,1.8903148756438801,1.2626352572980326,0.508066864634197,2.017203649961868
南半球,Zimbabwe,-19.015438,W2 2021冬,5,5,5,17.857010752688172,22.43038095238095,92563.0,0.48761506146117917,1.1774592291604957,-0.20222910623813917,1.12829171537384,0.8689878332698173,1.3875955974778629,0.6406766539126605,-0.30847139589067973,1.5898247037160007
