region,epoch,cfr_cold,cfr_warm,confirmed_cold,confirmed_warm,deaths_cold,deaths_warm,months_cold,months_warm,cfr_ratio,lag
Albania,E2021,0.005714156398157892,0.004269832925156112,88377.0,77989.0,505.0,333.0,5.0,5.0,1.3382622923001075,14
Algeria,E2020,0.016911392405063293,0.03037971558364606,59250.0,81008.0,1002.0,2461.0,5.0,5.0,0.5566672393130302,14
Argentina,E2020,0.022512879088640945,0.019659073506405382,2541523.0,1181897.0,57217.0,23235.0,5.0,5.0,1.1451648055187202,14
Argentina,E2021,0.004308429195144675,0.00322050281880684,677277.0,3749104.0,2918.0,12074.0,5.0,5.0,1.3378125831732384,14
Armenia,E2020,0.019994942913270964,0.026126374467824436,102826.0,32649.0,2056.0,853.0,5.0,5.0,0.7653164023158073,14
Armenia,E2021,0.01405515224225653,0.022095005306660663,114193.0,31093.0,1605.0,687.0,5.0,5.0,0.6361235060676599,14
Australia,E2021,0.0017036836514227026,0.001099513841740899,4141027.0,4401036.0,7055.0,4839.0,5.0,5.0,1.5494881344333056,14
Austria,E2020,0.022088634460288872,0.008678290660344182,435835.0,88151.0,9627.0,765.0,5.0,5.0,2.5452747925606856,14
Austria,E2021,0.0016603814572413692,0.001400134872086739,3019788.0,836348.0,5014.0,1171.0,5.0,5.0,1.1858725115293807,14
Azerbaijan,E2020,0.014836953362655248,0.013369715996203548,206444.0,109576.0,3063.0,1465.0,5.0,5.0,1.1097433458473116,14
Azerbaijan,E2021,0.008673559459936598,0.008975289787947826,260562.0,79886.0,2260.0,717.0,5.0,5.0,0.9663821074149164,14
Bahrain,E2020,0.0037579617834394906,0.006375657216719943,62800.0,114498.0,236.0,730.0,5.0,5.0,0.589423436000349,14
Bahrain,E2021,0.00028814291888776836,0.00039807407969063956,277640.0,105508.0,80.0,42.0,5.0,5.0,0.7238424544288253,14
Bangladesh,E2020,0.01873179739797948,0.019873252614685675,203611.0,791969.0,3814.0,15739.0,5.0,5.0,0.9425632412148429,14
Bangladesh,E2021,0.0031462838775200373,0.008197436882354995,382038.0,114548.0,1202.0,939.0,5.0,5.0,0.38381312630688524,14
Belarus,E2020,0.006018135005037502,0.010919726505224492,223325.0,129582.0,1344.0,1415.0,5.0,5.0,0.5511250672952435,14
Belarus,E2021,0.0056297391453057465,0.007858098681775475,362539.0,70246.0,2041.0,552.0,5.0,5.0,0.7164251014513541,14
Belgium,E2020,0.020519654740260886,0.005113089773381184,453224.0,227651.0,9300.0,1164.0,5.0,5.0,4.013161444394442,14
Belgium,E2021,0.0019450706272652002,0.002565015005440629,2490398.0,486157.0,4844.0,1247.0,5.0,5.0,0.7583076992296455,14
Bolivia,E2020,0.030005829204313612,0.028150688076905413,205860.0,130654.0,6177.0,3678.0,5.0,5.0,1.0659003830506772,14
Bolivia,E2021,0.0023418863094199103,0.0074261186170527784,206244.0,388359.0,483.0,2884.0,5.0,5.0,0.3153580531345378,14
Bosnia and Herzegovina,E2020,0.04839546245482532,0.059876839760667336,119536.0,22897.0,5785.0,1371.0,5.0,5.0,0.8082501122014117,14
Bosnia and Herzegovina,E2021,0.030860272900670026,0.032883961194405946,122682.0,39685.0,3786.0,1305.0,5.0,5.0,0.9384597165234406,14
Botswana,E2020,0.014211168095255173,0.019153165090646268,111532.0,33206.0,1585.0,636.0,5.0,5.0,0.7419749178789989,14
Botswana,E2021,0.003461930619116496,0.002329061984999832,42173.0,118932.0,146.0,277.0,5.0,5.0,1.4864055321038379,14
Brazil,E2020,0.024915053243947917,0.027223235513475712,7012628.0,7225629.0,174720.0,196705.0,5.0,5.0,0.9152127869449894,14
Brazil,E2021,0.007428302428521709,0.0062058155018191495,4628783.0,8137045.0,34384.0,50497.0,5.0,5.0,1.196990536754469,14
Brunei,E2021,0.000997674840454478,0.0006159494679887439,121282.0,82799.0,121.0,51.0,5.0,5.0,1.6197348846037316,14
Bulgaria,E2020,0.044101052834993736,0.04829337195372704,289789.0,55929.0,12780.0,2701.0,5.0,5.0,0.9131905901548926,14
Bulgaria,E2021,0.01954585025846754,0.02244326965859986,536431.0,132601.0,10485.0,2976.0,5.0,5.0,0.8709002991004886,14
Burma,E2020,0.01843348787446505,0.0527260964618748,89728.0,268956.0,1654.0,14181.0,5.0,5.0,0.3496084313352107,14
Burma,E2021,0.004528579371200029,0.023416552463802656,111514.0,67132.0,505.0,1572.0,5.0,5.0,0.19339223304542005,14
Canada,E2020,0.016588338748542146,0.009510395576378224,752818.0,306717.0,12488.0,2917.0,5.0,5.0,1.7442322577773746,14
Canada,E2021,0.00505779366959289,0.010047378321397075,1769744.0,554473.0,8951.0,5571.0,5.0,5.0,0.5033943689391812,14
Chile,E2020,0.022387862394370493,0.02013468457515424,491695.0,485282.0,11008.0,9771.0,5.0,5.0,1.1119052951043804,14
Chile,E2021,0.003561291926495266,0.01080698782806123,965380.0,1775888.0,3438.0,19192.0,5.0,5.0,0.3295360356794407,14
China,E2021,0.006994705319757393,0.0010903684123575086,1264099.0,484240.0,8842.0,528.0,5.0,5.0,6.414992621286591,14
Colombia,E2020,0.024763679136581562,0.022370665037653267,1332193.0,2263947.0,32990.0,50646.0,5.0,5.0,1.1069710755089526,14
Colombia,E2021,0.011019566219473104,0.011496595706317444,1082529.0,255119.0,11929.0,2933.0,5.0,5.0,0.9585068920374221,14
Costa Rica,E2020,0.014027136610077439,0.011395262289246302,106793.0,247208.0,1498.0,2817.0,5.0,5.0,1.2309621537465474,14
Costa Rica,E2021,0.004160106728255373,0.004552590781413368,278839.0,305101.0,1160.0,1389.0,5.0,5.0,0.9137888573775685,14
Croatia,E2020,0.02425826301300851,0.018675086728016786,222316.0,48139.0,5393.0,899.0,5.0,5.0,1.2989638745085834,14
Croatia,E2021,0.009277576698238628,0.010517169299374544,628828.0,121991.0,5834.0,1283.0,5.0,5.0,0.8821362891619863,14
Cuba,E2020,0.005206505206505206,0.010368568940302678,68376.0,547713.0,356.0,5679.0,5.0,5.0,0.502143086136747,14
Cuba,E2021,0.0017138642214572907,0.006658885045935969,138284.0,232171.0,237.0,1546.0,5.0,5.0,0.2573800583182152,14
Cyprus,E2020,0.00565794499618029,0.004092050887286282,41888.0,49364.0,237.0,202.0,5.0,5.0,1.3826673108487317,14
Cyprus,E2021,0.0013237303111418314,0.0013975478486683648,306709.0,100891.0,406.0,141.0,5.0,5.0,0.9471806724922732,14
Czechia,E2020,0.01843087794325234,0.013386059888343765,1197230.0,94576.0,22066.0,1266.0,5.0,5.0,1.3768710208223012,14
Czechia,E2021,0.0036741501140358265,0.004090874006226362,2303662.0,194335.0,8464.0,795.0,5.0,5.0,0.8981332860517639,14
Denmark,E2020,0.009168690899626963,0.0014787361485474693,184432.0,106848.0,1691.0,158.0,5.0,5.0,6.200356235717353,14
Denmark,E2021,0.0011916711945260483,0.004492215061856155,2714675.0,170072.0,3235.0,764.0,5.0,5.0,0.2652747426641808,14
Dominican Republic,E2020,0.008909465511618102,0.006498130674737404,125709.0,101106.0,1120.0,657.0,5.0,5.0,1.3710813090070926,14
Dominican Republic,E2021,0.0010440380335416317,0.0010275078530957344,196353.0,68126.0,205.0,70.0,5.0,5.0,1.016087643900817,14
Ecuador,E2020,0.0975169576942984,0.02742225792990913,146836.0,160563.0,14319.0,4403.0,5.0,5.0,3.5561242966771824,14
Ecuador,E2021,0.00515938414027586,0.007077646894007495,134706.0,342628.0,695.0,2425.0,5.0,5.0,0.728968853284304,14
Egypt,E2020,0.06479445102351548,0.04766071099650027,94576.0,65148.0,6128.0,3105.0,5.0,5.0,1.3594940081417028,14
El Salvador,E2020,0.033042071197411,0.034774902516838,30900.0,28210.0,1021.0,981.0,5.0,5.0,0.9501700596115845,14
El Salvador,E2021,0.008314087759815243,0.009823143405889885,47630.0,49984.0,396.0,491.0,5.0,5.0,0.8463775205429839,14
Estonia,E2020,0.009623814261369793,0.004777146132900205,101519.0,20933.0,977.0,100.0,5.0,5.0,2.014553039332539,14
Estonia,E2021,0.0022962175886955443,0.005031792920442597,362335.0,39946.0,832.0,201.0,5.0,5.0,0.4563418298409563,14
Ethiopia,E2020,0.015278029342510414,0.017949654398138754,110420.0,73929.0,1687.0,1327.0,5.0,5.0,0.8511600838451037,14
Ethiopia,E2021,0.008471092158981175,0.01997938898307902,104591.0,60162.0,886.0,1202.0,5.0,5.0,0.423991552802517,14
Finland,E2020,0.00860403577980162,0.003544693453977286,61599.0,42881.0,530.0,152.0,5.0,5.0,2.4273003833794293,14
Finland,E2021,0.0030003368993112896,0.006318021766965429,724252.0,249920.0,2173.0,1579.0,5.0,5.0,0.4748854958048623,14
France,E2020,0.016903843757881846,0.007360551578229521,3290790.0,1489834.0,55627.0,10966.0,5.0,5.0,2.296545792557007,14
France,E2021,0.0013944156257421911,0.0014564118361208255,18534646.0,6180944.0,25845.0,9002.0,5.0,5.0,0.9574322256651235,14
Georgia,E2020,0.013309996911355915,0.01629771586283711,242825.0,244206.0,3232.0,3980.0,5.0,5.0,0.8166786697825585,14
Georgia,E2021,0.00619794901492653,0.008102375073895052,929017.0,143785.0,5758.0,1165.0,5.0,5.0,0.7649545915117691,14
Germany,E2020,0.029129477931287444,0.011782659674361163,2290120.0,608097.0,66710.0,7165.0,5.0,5.0,2.472232818085429,14
Germany,E2021,0.0021334644957577004,0.0016744325357852467,16545389.0,7719033.0,35299.0,12925.0,5.0,5.0,1.274141806350642,14
Greece,E2020,0.036090145162583874,0.01236613312411137,224438.0,251089.0,8100.0,3105.0,5.0,5.0,2.9184664923439687,14
Greece,E2021,0.0050868367610484655,0.002906336197856519,2288259.0,1506708.0,11640.0,4379.0,5.0,5.0,1.7502575114331607,14
Guatemala,E2020,0.0368938820653123,0.020777783754293486,85895.0,260278.0,3169.0,5408.0,5.0,5.0,1.7756408720775434,14
Guatemala,E2021,0.007487835566778999,0.00949497171772144,227302.0,345446.0,1702.0,3280.0,5.0,5.0,0.7886106235370542,14
Honduras,E2020,0.02260322283109978,0.027531445436019958,92155.0,142310.0,2083.0,3918.0,5.0,5.0,0.8209965903761637,14
Honduras,E2021,0.011733543486350998,0.01401714752786908,45681.0,57501.0,536.0,806.0,5.0,5.0,0.8370849677526908,14
Hungary,E2020,0.03686459474070891,0.027048826696179026,577112.0,53311.0,21275.0,1442.0,5.0,5.0,1.3628907144396205,14
Hungary,E2021,0.014161537434291195,0.00826482919353,988452.0,157898.0,13998.0,1305.0,5.0,5.0,1.713470067279472,14
Iceland,E2021,0.0004526530831035325,0.00392059553349876,167899.0,20150.0,76.0,79.0,5.0,5.0,0.11545518512071112,14
India,E2020,0.010770800253518007,0.01277286806275217,4037583.0,16267294.0,43488.0,207780.0,5.0,5.0,0.843256205309712,14
India,E2021,0.006646253913490003,0.005340653078906171,8739961.0,2313013.0,58088.0,12353.0,5.0,5.0,1.2444646404276898,14
Indonesia,E2020,0.03745868107015782,0.02519734501063884,2533645.0,1101624.0,94907.0,27758.0,5.0,5.0,1.486612222610834,14
Indonesia,E2021,0.010994363330779872,0.006861902446196126,437315.0,1768460.0,4808.0,12135.0,5.0,5.0,1.6022325320107929,14
Iran,E2020,0.019111528042288134,0.01738645503113989,1272792.0,2574993.0,24325.0,44770.0,5.0,5.0,1.0992193640427885,14
Iran,E2021,0.010162558925388379,0.012588040364186481,1237582.0,902285.0,12577.0,11358.0,5.0,5.0,0.8073185842572683,14
Iraq,E2020,0.008493394026867992,0.008013686674419925,378294.0,950998.0,3213.0,7621.0,5.0,5.0,1.0598610067922065,14
Iraq,E2021,0.0063904170229510185,0.004908603972056854,264302.0,247932.0,1689.0,1217.0,5.0,5.0,1.3018807504801084,14
Ireland,E2020,0.016250186355348112,0.002389087729104498,174398.0,110921.0,2834.0,265.0,5.0,5.0,6.801837436685162,14
Ireland,E2021,0.0013473646002144341,0.0047877109778998355,1013831.0,177329.0,1366.0,849.0,5.0,5.0,0.28142145723371664,14
Israel,E2020,0.006895341933394505,0.005580730852512445,518756.0,358376.0,3577.0,2000.0,5.0,5.0,1.2355625303610946,14
Israel,E2021,0.0009529996329272374,0.0018792543511916386,2590767.0,773179.0,2469.0,1453.0,5.0,5.0,0.5071158315120774,14
Italy,E2020,0.024393307930664552,0.012016305940655612,2905469.0,562985.0,70874.0,6765.0,5.0,5.0,2.0300172158677285,14
Italy,E2021,0.0028936042946230388,0.0022857468979600756,9870389.0,5536921.0,28561.0,12656.0,5.0,5.0,1.265933816734236,14
Japan,E2020,0.020395277221126756,0.006235854253131834,373763.0,916795.0,7623.0,5717.0,5.0,5.0,3.2706468742247514,14
Japan,E2021,0.0021818515217619347,0.00126788508180028,4842676.0,11294399.0,10566.0,14320.0,5.0,5.0,1.720859053459251,14
Jordan,E2020,0.0116574206356569,0.016704345641798544,538970.0,95544.0,6283.0,1596.0,5.0,5.0,0.6978675421135356,14
Jordan,E2021,0.0034219176233577205,0.0049141156845949234,829944.0,66543.0,2840.0,327.0,5.0,5.0,0.6963445394834642,14
Kazakhstan,E2020,0.02620911803915465,0.01644728916872124,147773.0,498076.0,3873.0,8192.0,5.0,5.0,1.5935220552331533,14
Kazakhstan,E2021,0.004154865100739416,0.008648082025747699,373538.0,183162.0,1552.0,1584.0,5.0,5.0,0.4804377535237581,14
Kenya,E2020,0.02627576570672536,0.015114244414576624,80873.0,78866.0,2125.0,1192.0,5.0,5.0,1.7384769615994984,14
Kenya,E2021,0.010721561059290233,0.004749475846134098,27981.0,70113.0,300.0,333.0,5.0,5.0,2.25741985150155,14
"Korea, South",E2020,0.016817308191782246,0.00413327584412495,77004.0,134518.0,1295.0,556.0,5.0,5.0,4.068760185867202,14
"Korea, South",E2021,0.0013452547351798295,0.0006874352155294266,13009432.0,6112576.0,17501.0,4202.0,5.0,5.0,1.956918564527982,14
Kosovo,E2020,0.017637037779336607,0.015190513397986855,69853.0,43514.0,1232.0,661.0,5.0,5.0,1.1610560694857082,14
Kosovo,E2021,0.0023684960050368016,0.0034194463916291952,66709.0,58489.0,158.0,200.0,5.0,5.0,0.6926548141929875,14
Kuwait,E2020,0.005537922525594055,0.00555334675712765,106177.0,155942.0,588.0,866.0,5.0,5.0,0.9972225340487161,14
Kuwait,E2021,0.00042995839112343966,0.0010438789100464345,216300.0,27781.0,93.0,29.0,5.0,5.0,0.4118853125448372,14
Kyrgyzstan,E2020,0.011395819285232636,0.011053706596179262,29660.0,83230.0,338.0,920.0,5.0,5.0,1.0309500425107743,14
Latvia,E2020,0.01967471415687941,0.015464969192475619,96469.0,24507.0,1898.0,379.0,5.0,5.0,1.2722116618539412,14
Latvia,E2021,0.003351409903476635,0.004333110569771703,579756.0,92774.0,1943.0,402.0,5.0,5.0,0.7734420457341825,14
Lebanon,E2020,0.015424669139297263,0.009121145958740588,387172.0,98014.0,5972.0,894.0,5.0,5.0,1.6910889496857742,14
Lebanon,E2021,0.003934392723928261,0.0032642560247458864,450133.0,134487.0,1771.0,439.0,5.0,5.0,1.2052953855647837,14
Libya,E2020,0.018791767999836506,0.011004913730159252,97862.0,152023.0,1839.0,1673.0,5.0,5.0,1.7075797648769546,14
Libya,E2021,0.007848053918139187,0.011083949108283794,144367.0,35998.0,1133.0,399.0,5.0,5.0,0.7080557517422919,14
Lithuania,E2020,0.01718873177595274,0.012115702172662671,200422.0,53897.0,3445.0,653.0,5.0,5.0,1.4187152779916152,14
Lithuania,E2021,0.003815746992117075,0.007956539743261097,699994.0,101426.0,2671.0,807.0,5.0,5.0,0.47957367338595597,14
Luxembourg,E2021,0.001475981751498345,0.001108302547151468,134148.0,51430.0,198.0,57.0,5.0,5.0,1.3317498505185945,14
Malaysia,E2020,0.003334904698807461,0.0147899285141012,313952.0,1339425.0,1047.0,19810.0,5.0,5.0,0.22548484231197294,14
Malaysia,E2021,0.0032971599345075963,0.00812650393676242,1730277.0,834061.0,5705.0,6778.0,5.0,5.0,0.40572919919376516,14
Mauritius,E2021,0.0025773822549663237,0.0038561850968846503,41127.0,187491.0,106.0,723.0,5.0,5.0,0.668376177546184,14
Mexico,E2020,0.08566166257587,0.054464866573844944,1313925.0,1151311.0,112553.0,62706.0,5.0,5.0,1.5727875227551984,14
Mexico,E2021,0.017708565024261415,0.012516993425742275,1852324.0,1586643.0,32802.0,19860.0,5.0,5.0,1.4147618698786104,14
Moldova,E2020,0.022438246185173896,0.02825272012434854,154201.0,32811.0,3460.0,927.0,5.0,5.0,0.7941977298616405,14
Moldova,E2021,0.01697462345025445,0.010373004285781567,175674.0,84932.0,2982.0,881.0,5.0,5.0,1.63642306342453,14
Mongolia,E2021,0.0009226890142148922,0.002020638751262899,328388.0,226661.0,303.0,458.0,5.0,5.0,0.45663234639947964,14
Montenegro,E2020,0.01399618535340368,0.014749509046086993,72877.0,23933.0,1020.0,353.0,5.0,5.0,0.9489255072606524,14
Montenegro,E2021,0.00565391719601748,0.004554799376151992,88788.0,56424.0,502.0,257.0,5.0,5.0,1.2413098204984057,14
Morocco,E2020,0.015244771906011631,0.013883952264328248,277013.0,410762.0,4223.0,5703.0,5.0,5.0,1.0980138519475977,14
Morocco,E2021,0.0060701242118740475,0.006072084146732321,217129.0,171605.0,1318.0,1042.0,5.0,5.0,0.9996772220524434,14
Mozambique,E2020,0.013631158340618881,0.012502284774264303,81211.0,54710.0,1107.0,684.0,5.0,5.0,1.0902933813088582,14
Nepal,E2020,0.017322598202053188,0.013875605095674703,106566.0,477817.0,1846.0,6630.0,5.0,5.0,1.2484211018266136,14
Nepal,E2021,0.002857900829635346,0.006830225711481845,165856.0,50950.0,474.0,348.0,5.0,5.0,0.418419676062991,14
Netherlands,E2020,0.00913187271890486,0.002377071045377753,934310.0,506085.0,8532.0,1203.0,5.0,5.0,3.8416490481687164,14
Netherlands,E2021,0.0006191779901108231,0.00132148816930482,5772169.0,414684.0,3574.0,548.0,5.0,5.0,0.4685459957137164,14
New Zealand,E2021,0.0015005616281774051,0.000718444567511338,808364.0,668110.0,1213.0,480.0,5.0,5.0,2.088625477920013,14
Nigeria,E2020,0.008976588896219436,0.0187805105562638,100038.0,32161.0,898.0,604.0,5.0,5.0,0.4779736349193928,14
Nigeria,E2021,0.0040272472039397985,0.006427828717270064,43454.0,21158.0,175.0,136.0,5.0,5.0,0.6265330613305754,14
North Macedonia,E2020,0.030888776028440833,0.04610452760868782,98450.0,27763.0,3041.0,1280.0,5.0,5.0,0.6699727256856273,14
North Macedonia,E2021,0.018679841820801145,0.01768671745031083,103427.0,45684.0,1932.0,808.0,5.0,5.0,1.05615085859094,14
Norway,E2020,0.005439087500660083,0.0013280738964102361,75748.0,50449.0,412.0,67.0,5.0,5.0,4.095470527176127,14
Norway,E2021,0.0015291821003103414,0.016285051521989554,1198680.0,63371.0,1833.0,1032.0,5.0,5.0,0.09390096790578163,14
Oman,E2020,0.01074044301536263,0.01815273562464113,44784.0,121910.0,481.0,2213.0,5.0,5.0,0.591670767285521,14
Pakistan,E2020,0.025758125566068074,0.02167118149614503,338961.0,355126.0,8731.0,7696.0,5.0,5.0,1.1885888903034683,14
Pakistan,E2021,0.006960658358955186,0.012244897959183673,251413.0,123970.0,1750.0,1518.0,5.0,5.0,0.5684537659813402,14
Panama,E2020,0.014946738134051018,0.010619956631474175,221453.0,112524.0,3310.0,1195.0,5.0,5.0,1.407419884348081,14
Panama,E2021,0.0028608431093081897,0.0019774158297340898,291872.0,211387.0,835.0,418.0,5.0,5.0,1.446758474515144,14
Paraguay,E2020,0.045540047495149276,0.022913613498633502,202547.0,151482.0,9224.0,3471.0,5.0,5.0,1.9874668610372235,14
Paraguay,E2021,0.011199475769219314,0.01313762410133516,67146.0,186944.0,752.0,2456.0,5.0,5.0,0.8524734520362115,14
Peru,E2020,0.05587782759719319,0.10248571212730892,514748.0,648627.0,28763.0,66475.0,5.0,5.0,0.5452255386368503,14
Peru,E2021,0.007307716161499818,0.008867719345974107,564335.0,1345329.0,4124.0,11930.0,5.0,5.0,0.8240806769349867,14
Philippines,E2020,0.02088613292812344,0.017627234316649924,366559.0,1043272.0,7656.0,18390.0,5.0,5.0,1.184878611864557,14
Philippines,E2021,0.016107182180300324,0.008819456866681242,890969.0,754695.0,14351.0,6656.0,5.0,5.0,1.8263235960880038,14
Poland,E2020,0.025464704699267888,0.0425623601557968,1958986.0,120670.0,49885.0,5136.0,5.0,5.0,0.5982916503233365,14
Poland,E2021,0.012563638566979975,0.008436801964059324,2937684.0,198772.0,36908.0,1677.0,5.0,5.0,1.489147027570509,14
Portugal,E2020,0.0200251894721527,0.00511042911163479,680443.0,218964.0,13626.0,1119.0,5.0,5.0,3.918494716336411,14
Portugal,E2021,0.0014107333547813137,0.0017965905515350384,2648268.0,1423808.0,3736.0,2558.0,5.0,5.0,0.7852280830353685,14
Qatar,E2020,0.002404657441781978,0.0027293537594646946,47408.0,34074.0,114.0,93.0,5.0,5.0,0.8810354588309582,14
Qatar,E2021,0.0005402396699626744,0.00011646019245046803,122168.0,68693.0,66.0,8.0,5.0,5.0,4.638835456093249,14
Romania,E2020,0.023602037488896135,0.08541636738016568,711464.0,83532.0,16792.0,7135.0,5.0,5.0,0.2763175046282371,14
Romania,E2021,0.010143180768104557,0.015007135394379872,1205539.0,460381.0,12228.0,6909.0,5.0,5.0,0.675890534838724,14
Russia,E2020,0.02414812911643381,0.03651895910714532,2887967.0,2248339.0,69739.0,82107.0,5.0,5.0,0.6612491075001362,14
Russia,E2021,0.012457840071082126,0.017544236666888556,9205127.0,1907863.0,114676.0,33472.0,5.0,5.0,0.7100816243885921,14
Saudi Arabia,E2020,0.02668227033352838,0.01574025471724176,42725.0,144788.0,1140.0,2279.0,5.0,5.0,1.6951612799696827,14
Saudi Arabia,E2021,0.0012364179488320796,0.005579616223564,202197.0,63266.0,250.0,353.0,5.0,5.0,0.22159551827425028,14
Serbia,E2020,0.00877281709118889,0.013108936587174429,553642.0,75521.0,4857.0,990.0,5.0,5.0,0.6692241611552284,14
Serbia,E2021,0.0060852608123115595,0.004704999802587421,833818.0,455898.0,5074.0,2145.0,5.0,5.0,1.2933604819632707,14
Singapore,E2021,0.0008050740824048443,0.0005793493802739685,898054.0,674895.0,723.0,391.0,5.0,5.0,1.389617577607717,14
Slovakia,E2020,0.015875244771646764,0.013223451258107982,648053.0,31913.0,10288.0,422.0,5.0,5.0,1.2005371715582065,14
Slovakia,E2021,0.0039541228497919,0.008193214670002722,1544211.0,77137.0,6106.0,632.0,5.0,5.0,0.4826094529499965,14
Slovenia,E2020,0.018588488375299927,0.006697405176185508,181295.0,29713.0,3370.0,199.0,5.0,5.0,2.775476156257722,14
Slovenia,E2021,0.0025480064340721127,0.002317553895380996,632259.0,142823.0,1611.0,331.0,5.0,5.0,1.0994378336358954,14
South Africa,E2020,0.026396043568346295,0.0404665098668417,1243747.0,822705.0,32830.0,33292.0,5.0,5.0,0.6522935547247488,14
South Africa,E2021,0.013243692619099256,0.013370363072999873,345825.0,796837.0,4580.0,10654.0,5.0,5.0,0.9905260273629805,14
Spain,E2020,0.017147485913731282,0.005969518444187385,2098675.0,1637318.0,35987.0,9774.0,5.0,5.0,2.8725074014015424,14
Spain,E2021,0.002375037343233452,0.005936517191648112,6497161.0,1550404.0,15431.0,9204.0,5.0,5.0,0.40007251163608404,14
Sri Lanka,E2020,0.006691612934680595,0.032013281722292904,82043.0,332487.0,549.0,10644.0,5.0,5.0,0.20902614710758613,14
Sri Lanka,E2021,0.020736906717098824,0.024955181068483327,120558.0,83670.0,2500.0,2088.0,5.0,5.0,0.8309659889940894,14
Sweden,E2020,0.011103094495327913,0.0031850482086423037,680531.0,161693.0,7556.0,515.0,5.0,5.0,3.4860051616175847,14
Sweden,E2021,0.0026763602108877647,0.01457930988289666,1316340.0,89579.0,3523.0,1306.0,5.0,5.0,0.18357248953377878,14
Switzerland,E2020,0.01533992879408691,0.0031881465171219522,446873.0,130797.0,6855.0,417.0,5.0,5.0,4.811550758945289,14
Switzerland,E2021,0.0008834484279837147,0.0008002304005266297,2624941.0,486110.0,2319.0,389.0,5.0,5.0,1.1039925843885952,14
Thailand,E2020,0.0014751026591715505,0.012348560358260919,25083.0,1139728.0,37.0,14074.0,5.0,5.0,0.11945543580590258,14
Thailand,E2021,0.00377201727180723,0.008215116663898321,1716323.0,800719.0,6474.0,6578.0,5.0,5.0,0.45915565488966453,14
Tunisia,E2020,0.037079374887361294,0.03502334077531967,194205.0,369525.0,7201.0,12942.0,5.0,5.0,1.0587046828351245,14
Tunisia,E2021,0.009896731107858277,0.009855269879107781,323137.0,146825.0,3198.0,1447.0,5.0,5.0,1.004207010996055,14
Turkey,E2020,0.007925719326334252,0.01112870993089026,2941815.0,1616270.0,23316.0,17987.0,5.0,5.0,0.7121867112678191,14
Turkey,E2021,0.0036591338765816018,0.0036703479617908007,6827572.0,2405494.0,24983.0,8829.0,5.0,5.0,0.9969446806335693,14
US,E2020,0.014687849671354189,0.01270373473066212,21403133.0,8126744.0,314366.0,103240.0,5.0,5.0,1.1561835934674507,14
US,E2021,0.006691773034501296,0.006379515622223041,34168224.0,17206322.0,228646.0,109768.0,5.0,5.0,1.0489468841788718,14
Ukraine,E2020,0.022738193209770847,0.029791224829536386,1325699.0,350808.0,30144.0,10451.0,5.0,5.0,0.7632513714987361,14
Ukraine,E2021,0.015746971610395656,0.02950538337385335,2139586.0,244735.0,33692.0,7221.0,5.0,5.0,0.5336982546835869,14
United Arab Emirates,E2020,0.0030807596977023553,0.0022107855718100076,328815.0,222093.0,1013.0,491.0,5.0,5.0,1.3935135713682467,14
United Arab Emirates,E2021,0.0010502328346378678,0.0006768365700005206,151395.0,134449.0,159.0,91.0,5.0,5.0,1.5516786196068868,14
United Kingdom,E2020,0.02498243000175476,0.003980702429030287,3345191.0,2506844.0,83571.0,9979.0,5.0,5.0,6.275884833682624,14
United Kingdom,E2021,0.001989395569059358,0.005178317586724155,12209236.0,2546580.0,24289.0,13187.0,5.0,5.0,0.3841779759046925,14
Uruguay,E2020,0.014340195873917532,0.015455211130095192,186957.0,102425.0,2681.0,1583.0,5.0,5.0,0.9278550615199009,14
Uruguay,E2021,0.0031657814203805974,0.002204292804572946,85287.0,494036.0,270.0,1089.0,5.0,5.0,1.4361891550038097,14
Uzbekistan,E2021,0.005426176959023674,0.005108781819783317,51786.0,22706.0,281.0,116.0,5.0,5.0,1.0621273623413063,14
Venezuela,E2020,0.01439752350914082,0.012529232857125547,68484.0,165054.0,986.0,2068.0,5.0,5.0,1.149114528664279,14
Venezuela,E2021,0.005944074473158927,0.01030871405634214,113222.0,54808.0,673.0,565.0,5.0,5.0,0.5766067853537955,14
Vietnam,E2021,0.0022929403376206847,0.0046592066785936,8643487.0,1090529.0,19819.0,5081.0,5.0,5.0,0.49213106346096197,14
West Bank and Gaza,E2020,0.012524293952857816,0.009572948086997936,188833.0,62990.0,2365.0,603.0,5.0,5.0,1.308300623699028,14
West Bank and Gaza,E2021,0.00450301598496693,0.007113002080482822,202753.0,106706.0,913.0,759.0,5.0,5.0,0.6330682789089345,14
Zambia,E2020,0.02044240777492909,0.0122107076375962,117403.0,71986.0,2400.0,879.0,5.0,5.0,1.674137845376616,14
Zimbabwe,E2020,0.0338618436777946,0.045274416973522705,87857.0,28515.0,2975.0,1291.0,5.0,5.0,0.7479244558267336,14
Albania,E2021,0.0052162893060411645,0.004526279347087409,88377.0,77989.0,461.0,353.0,5.0,5.0,1.1524452880703808,21
Algeria,E2020,0.015476793248945148,0.031120383172032393,59250.0,81008.0,917.0,2521.0,5.0,5.0,0.4973201378463104,21
Argentina,E2020,0.02172909708076614,0.019613384245835298,2541523.0,1181897.0,55225.0,23181.0,5.0,5.0,1.1078708706469202,21
Argentina,E2021,0.003390045727228298,0.0031919626662797298,677277.0,3749104.0,2296.0,11967.0,5.0,5.0,1.0620568226067117,21
Armenia,E2020,0.019576760741446715,0.029863089221721952,102826.0,32649.0,2013.0,975.0,5.0,5.0,0.6555504219974295,21
Armenia,E2021,0.011769548045852198,0.025632779082108512,114193.0,31093.0,1344.0,797.0,5.0,5.0,0.45916004691302686,21
Australia,E2021,0.0017261418483868857,0.0011340511643167653,4141027.0,4401036.0,7148.0,4991.0,5.0,5.0,1.5221022672524998,21
Austria,E2020,0.021024011380453612,0.009313564225022972,435835.0,88151.0,9163.0,821.0,5.0,5.0,2.2573539917154277,21
Austria,E2021,0.0015779253378051703,0.0014240483626433017,3019788.0,836348.0,4765.0,1191.0,5.0,5.0,1.108056003713416,21
Azerbaijan,E2020,0.015151808722946658,0.014419215886690517,206444.0,109576.0,3128.0,1580.0,5.0,5.0,1.0508067041934195,21
Azerbaijan,E2021,0.007994258564180502,0.008299326540319956,260562.0,79886.0,2083.0,663.0,5.0,5.0,0.9632418396050129,21
Bahrain,E2020,0.00428343949044586,0.005921500812241262,62800.0,114498.0,269.0,678.0,5.0,5.0,0.7233705822670651,21
Bahrain,E2021,0.0002917447053738654,0.0004170299882473367,277640.0,105508.0,81.0,44.0,5.0,5.0,0.6995772812405862,21
Bangladesh,E2020,0.021280775596603328,0.019837897695490606,203611.0,791969.0,4333.0,15711.0,5.0,5.0,1.0727334077058328,21
Bangladesh,E2021,0.0030729927389421996,0.006468903865628383,382038.0,114548.0,1174.0,741.0,5.0,5.0,0.47504071830006894,21
Belarus,E2020,0.006107690585469607,0.011050917565711287,223325.0,129582.0,1364.0,1432.0,5.0,5.0,0.552686285926203,21
Belarus,E2021,0.005431139822198439,0.008228226518235914,362539.0,70246.0,1969.0,578.0,5.0,5.0,0.6600620206750026,21
Belgium,E2020,0.018412528904029796,0.005728066206605725,453224.0,227651.0,8345.0,1304.0,5.0,5.0,3.214440657616018,21
Belgium,E2021,0.0019077271986244768,0.002616438722470313,2490398.0,486157.0,4751.0,1272.0,5.0,5.0,0.7291312356145281,21
Bolivia,E2020,0.028155056834742058,0.02929110474995025,205860.0,130654.0,5796.0,3827.0,5.0,5.0,0.9612152588676218,21
Bolivia,E2021,0.0024437074533077328,0.007323121132766332,206244.0,388359.0,504.0,2844.0,5.0,5.0,0.33369753265089236,21
Bosnia and Herzegovina,E2020,0.04882211216704591,0.06420055029043106,119536.0,22897.0,5836.0,1470.0,5.0,5.0,0.7604625185638437,21
Bosnia and Herzegovina,E2021,0.028806181835966158,0.03273277056822477,122682.0,39685.0,3534.0,1299.0,5.0,5.0,0.8800410517015528,21
Botswana,E2020,0.014148405838683068,0.019665120761308198,111532.0,33206.0,1578.0,653.0,5.0,5.0,0.7194670203358499,21
Botswana,E2021,0.0032485239371161643,0.002287021154945683,42173.0,118932.0,137.0,272.0,5.0,5.0,1.4204170915040428,21
Brazil,E2020,0.02328256967288155,0.029462210141151725,7012628.0,7225629.0,163272.0,212883.0,5.0,5.0,0.7902519723176272,21
Brazil,E2021,0.007074645754618439,0.006120403660051038,4628783.0,8137045.0,32747.0,49802.0,5.0,5.0,1.1559116273320187,21
Brunei,E2021,0.0010059200870698043,0.0006521817896351405,121282.0,82799.0,122.0,54.0,5.0,5.0,1.5423921720239393,21
Bulgaria,E2020,0.044163166993916265,0.054229469505980794,289789.0,55929.0,12798.0,3033.0,5.0,5.0,0.8143757885930574,21
Bulgaria,E2021,0.017868094871474616,0.024275835023868597,536431.0,132601.0,9585.0,3219.0,5.0,5.0,0.7360445007929188,21
Burma,E2020,0.016538873038516404,0.05524323681196924,89728.0,268956.0,1484.0,14858.0,5.0,5.0,0.2993827659811023,21
Burma,E2021,0.0036677009164768548,0.019066912947625574,111514.0,67132.0,409.0,1280.0,5.0,5.0,0.19235945150384703,21
Canada,E2020,0.01631868525991674,0.009679932967523808,752818.0,306717.0,12285.0,2969.0,5.0,5.0,1.685826267048125,21
Canada,E2021,0.005173064578831741,0.0100221291208048,1769744.0,554473.0,9155.0,5557.0,5.0,5.0,0.51616423181907,21
Chile,E2020,0.021364870498988196,0.021272167523213308,491695.0,485282.0,10505.0,10323.0,5.0,5.0,1.0043579468652513,21
Chile,E2021,0.003561291926495266,0.010815997405241772,965380.0,1775888.0,3438.0,19208.0,5.0,5.0,0.32926153669095304,21
China,E2021,0.007182981712666492,0.0012287295555922684,1264099.0,484240.0,9080.0,595.0,5.0,5.0,5.845860612674995,21
Colombia,E2020,0.025891143400393186,0.02089713230919275,1332193.0,2263947.0,34492.0,47310.0,5.0,5.0,1.2389806896615927,21
Colombia,E2021,0.010776616607961541,0.0114064416997558,1082529.0,255119.0,11666.0,2910.0,5.0,5.0,0.9447833857067149,21
Costa Rica,E2020,0.014111411796653338,0.011423578524966829,106793.0,247208.0,1507.0,2824.0,5.0,5.0,1.2352882037631299,21
Costa Rica,E2021,0.004059690358952657,0.004123224768191517,278839.0,305101.0,1132.0,1258.0,5.0,5.0,0.984591087604781,21
Croatia,E2020,0.02423577250400331,0.016826273915120794,222316.0,48139.0,5388.0,810.0,5.0,5.0,1.4403529044076735,21
Croatia,E2021,0.00868599998727792,0.010943430253051455,628828.0,121991.0,5462.0,1335.0,5.0,5.0,0.7937182205603152,21
Cuba,E2020,0.006069381069381069,0.011102529974640002,68376.0,547713.0,415.0,6081.0,5.0,5.0,0.546666488020706,21
Cuba,E2021,0.0016415492754042406,0.005233211727562874,138284.0,232171.0,227.0,1215.0,5.0,5.0,0.313679124954632,21
Cyprus,E2020,0.006039915966386555,0.004051535531966615,41888.0,49364.0,253.0,200.0,5.0,5.0,1.4907720588235296,21
Cyprus,E2021,0.0013139490526851184,0.0013876361617983764,306709.0,100891.0,403.0,140.0,5.0,5.0,0.9468973848175306,21
Czechia,E2020,0.01805501031547823,0.017647183217729658,1197230.0,94576.0,21616.0,1669.0,5.0,5.0,1.0231100393029773,21
Czechia,E2021,0.0034636157561308907,0.004471659762780765,2303662.0,194335.0,7979.0,869.0,5.0,5.0,0.7745705039904449,21
Denmark,E2020,0.009136158584193633,0.0016659179395028451,184432.0,106848.0,1685.0,178.0,5.0,5.0,5.484158833729895,21
Denmark,E2021,0.001206037555140118,0.0045098546497953805,2714675.0,170072.0,3274.0,767.0,5.0,5.0,0.26742271066204715,21
Dominican Republic,E2020,0.008965149671065716,0.005716772496192115,125709.0,101106.0,1127.0,578.0,5.0,5.0,1.5682187242954502,21
Dominican Republic,E2021,0.0009676450066971221,0.001100901271174001,196353.0,68126.0,190.0,75.0,5.0,5.0,0.8789571163499752,21
Ecuador,E2020,0.09494265711405922,0.029054016180564638,146836.0,160563.0,13941.0,4665.0,5.0,5.0,3.2677980394865362,21
Ecuador,E2021,0.0039048000831440324,0.00705721657307634,134706.0,342628.0,526.0,2418.0,5.0,5.0,0.5533059730717426,21
Egypt,E2020,0.06694087294873964,0.04256462209123841,94576.0,65148.0,6331.0,2773.0,5.0,5.0,1.572688060174717,21
El Salvador,E2020,0.03288025889967638,0.03686635944700461,30900.0,28210.0,1016.0,1040.0,5.0,5.0,0.8918770226537217,21
El Salvador,E2021,0.007852193995381063,0.010123239436619719,47630.0,49984.0,374.0,506.0,5.0,5.0,0.7756602068480771,21
Estonia,E2020,0.010067081039017326,0.004824917594229207,101519.0,20933.0,1022.0,101.0,5.0,5.0,2.086477300888611,21
Estonia,E2021,0.0021885823892254406,0.005432333650428078,362335.0,39946.0,793.0,217.0,5.0,5.0,0.40288070101382234,21
Ethiopia,E2020,0.01664553522912516,0.019248197594989788,110420.0,73929.0,1838.0,1423.0,5.0,5.0,0.8647840997568474,21
Ethiopia,E2021,0.007916551137287148,0.01943086998437552,104591.0,60162.0,828.0,1169.0,5.0,5.0,0.40742134261887886,21
Finland,E2020,0.008539099660708777,0.0033814509922809634,61599.0,42881.0,526.0,145.0,5.0,5.0,2.52527677621278,21
Finland,E2021,0.0030914654015453185,0.006225992317541613,724252.0,249920.0,2239.0,1556.0,5.0,5.0,0.4965417950862506,21
France,E2020,0.016242300481039508,0.007403509384266972,3290790.0,1489834.0,53450.0,11030.0,5.0,5.0,2.1938650493988225,21
France,E2021,0.0014250069842175568,0.0013722822921547258,18534646.0,6180944.0,26412.0,8482.0,5.0,5.0,1.0384211706033486,21
Georgia,E2020,0.01253577679398744,0.017214974243057093,242825.0,244206.0,3044.0,4204.0,5.0,5.0,0.7281902730143902,21
Georgia,E2021,0.005646828852432195,0.007511214660778245,929017.0,143785.0,5246.0,1080.0,5.0,5.0,0.7517863764323732,21
Germany,E2020,0.02914694426492935,0.010546014862760382,2290120.0,608097.0,66750.0,6413.0,5.0,5.0,2.7637875201420155,21
Germany,E2021,0.0021089259370087945,0.0016566841986554533,16545389.0,7719033.0,34893.0,12788.0,5.0,5.0,1.2729800517928376,21
Greece,E2020,0.03647332448159402,0.012111243423646596,224438.0,251089.0,8186.0,3041.0,5.0,5.0,3.011526001564933,21
Greece,E2021,0.005023469808269081,0.002855231405156142,2288259.0,1506708.0,11495.0,4302.0,5.0,5.0,1.7593914802132706,21
Guatemala,E2020,0.037662262064148085,0.021442457679865374,85895.0,260278.0,3235.0,5581.0,5.0,5.0,1.756434016400705,21
Guatemala,E2021,0.007193073532129062,0.009396548230403595,227302.0,345446.0,1635.0,3246.0,5.0,5.0,0.765501688040621,21
Honduras,E2020,0.022993869025012208,0.026842807954465604,92155.0,142310.0,2119.0,3820.0,5.0,5.0,0.8566119112433213,21
Honduras,E2021,0.011054924366804579,0.012260656336411541,45681.0,57501.0,505.0,705.0,5.0,5.0,0.9016584482491207,21
Hungary,E2020,0.03829066108485008,0.024141359194162555,577112.0,53311.0,22098.0,1287.0,5.0,5.0,1.5861021236165056,21
Hungary,E2021,0.013398728516913315,0.008473824874285931,988452.0,157898.0,13244.0,1338.0,5.0,5.0,1.5811901609593262,21
Iceland,E2021,0.0004645650063430991,0.00228287841191067,167899.0,20150.0,78.0,46.0,5.0,5.0,0.20349967125681406,21
India,E2020,0.012737818640508443,0.010937529007590322,4037583.0,16267294.0,51430.0,177924.0,5.0,5.0,1.1645974727627029,21
India,E2021,0.006430806727856109,0.00488107935407194,8739961.0,2313013.0,56205.0,11290.0,5.0,5.0,1.317496861117683,21
Indonesia,E2020,0.03746065451158311,0.025628526611620663,2533645.0,1101624.0,94912.0,28233.0,5.0,5.0,1.4616780386663917,21
Indonesia,E2021,0.008561334507163029,0.006941632833086414,437315.0,1768460.0,3744.0,12276.0,5.0,5.0,1.2333315104706364,21
Iran,E2020,0.018530914713480284,0.018088981212764463,1272792.0,2574993.0,23586.0,46579.0,5.0,5.0,1.024431088490709,21
Iran,E2021,0.00966643018402013,0.01102201632521875,1237582.0,902285.0,11963.0,9945.0,5.0,5.0,0.8770110566705482,21
Iraq,E2020,0.008387656161609754,0.00795690422061876,378294.0,950998.0,3173.0,7567.0,5.0,5.0,1.0541356197143588,21
Iraq,E2021,0.005811533775756521,0.004436700385589597,264302.0,247932.0,1536.0,1100.0,5.0,5.0,1.3098774473553327,21
Ireland,E2020,0.016250186355348112,0.002830843573354009,174398.0,110921.0,2834.0,314.0,5.0,5.0,5.740404206119643,21
Ireland,E2021,0.0013651190385774354,0.004894856453259196,1013831.0,177329.0,1384.0,868.0,5.0,5.0,0.27888847234089637,21
Israel,E2020,0.006843294342619652,0.006024398955287185,518756.0,358376.0,3550.0,2159.0,5.0,5.0,1.1359298070081798,21
Israel,E2021,0.0009580174519746469,0.001711117347987982,2590767.0,773179.0,2482.0,1323.0,5.0,5.0,0.5598782883600193,21
Italy,E2020,0.023657454269861423,0.011547376928337344,2905469.0,562985.0,68736.0,6501.0,5.0,5.0,2.048729717292406,21
Italy,E2021,0.0029468950007948014,0.0021853300778537387,9870389.0,5536921.0,29087.0,12100.0,5.0,5.0,1.348489654107087,21
Japan,E2020,0.02085011089915267,0.005758102956495182,373763.0,916795.0,7793.0,5279.0,5.0,5.0,3.6210034896360432,21
Japan,E2021,0.0022431812493753454,0.0013016186164487372,4842676.0,11294399.0,10863.0,14701.0,5.0,5.0,1.7233782776521087,21
Jordan,E2020,0.01160918047386682,0.01830570208490329,538970.0,95544.0,6257.0,1749.0,5.0,5.0,0.6341838417353525,21
Jordan,E2021,0.0032508217421898344,0.004808920547615827,829944.0,66543.0,2698.0,320.0,5.0,5.0,0.6759982224704317,21
Kazakhstan,E2020,0.027122681410000474,0.01704358371011653,147773.0,498076.0,4008.0,8489.0,5.0,5.0,1.591371971488679,21
Kazakhstan,E2021,0.0037158200772076737,0.007452419169915157,373538.0,183162.0,1388.0,1365.0,5.0,5.0,0.4986058878985436,21
Kenya,E2020,0.02686928888504198,0.014886009180128319,80873.0,78866.0,2173.0,1174.0,5.0,5.0,1.8050028425960143,21
Kenya,E2021,0.009149065437260998,0.0045783235633905265,27981.0,70113.0,256.0,321.0,5.0,5.0,1.9983440031236148,21
"Korea, South",E2020,0.016921198898758507,0.004148143742844824,77004.0,134518.0,1303.0,558.0,5.0,5.0,4.07922192376917,21
"Korea, South",E2021,0.0014278102226138697,0.0007116475934205153,13009432.0,6112576.0,18575.0,4350.0,5.0,5.0,2.006344482598666,21
Kosovo,E2020,0.017193248679369534,0.016316587764857286,69853.0,43514.0,1201.0,710.0,5.0,5.0,1.053728201456459,21
Kosovo,E2021,0.002338515042947728,0.002085862298893809,66709.0,58489.0,156.0,122.0,5.0,5.0,1.1211262815325382,21
Kuwait,E2020,0.00582988782881415,0.005502045632350489,106177.0,155942.0,619.0,858.0,5.0,5.0,1.0595855102575014,21
Kuwait,E2021,0.0004207119741100324,0.0009358914365933552,216300.0,27781.0,91.0,26.0,5.0,5.0,0.4495307443365696,21
Kyrgyzstan,E2020,0.011260957518543493,0.010957587408386399,29660.0,83230.0,334.0,912.0,5.0,5.0,1.0276858489784813,21
Latvia,E2020,0.019964962837802816,0.014689680499449137,96469.0,24507.0,1926.0,360.0,5.0,5.0,1.3591148451834267,21
Latvia,E2021,0.0030788814604764763,0.005098411192791084,579756.0,92774.0,1785.0,473.0,5.0,5.0,0.6038903776199674,21
Lebanon,E2020,0.015840504995195934,0.008274328157202032,387172.0,98014.0,6133.0,811.0,5.0,5.0,1.9144158527732853,21
Lebanon,E2021,0.00383220070512493,0.0032716916876724144,450133.0,134487.0,1725.0,440.0,5.0,5.0,1.171320855068492,21
Libya,E2020,0.018965482005272732,0.011465370371588509,97862.0,152023.0,1856.0,1743.0,5.0,5.0,1.6541534543244847,21
Libya,E2021,0.007266203495258612,0.012111783987999333,144367.0,35998.0,1049.0,436.0,5.0,5.0,0.5999284252805493,21
Lithuania,E2020,0.016949237109698537,0.013099059316845093,200422.0,53897.0,3397.0,706.0,5.0,5.0,1.2939278080756687,21
Lithuania,E2021,0.0035757449349565853,0.008745292134166782,699994.0,101426.0,2503.0,887.0,5.0,5.0,0.40887655667745954,21
Luxembourg,E2021,0.0014461639383367623,0.00116663426015944,134148.0,51430.0,194.0,60.0,5.0,5.0,1.2396035224776616,21
Malaysia,E2020,0.003401793904800734,0.016429438005114136,313952.0,1339425.0,1068.0,22006.0,5.0,5.0,0.20705479418966297,21
Malaysia,E2021,0.003160187646255484,0.005808927644380926,1730277.0,834061.0,5468.0,4845.0,5.0,5.0,0.5440225528221869,21
Mauritius,E2021,0.002747586743501836,0.0032961582155943484,41127.0,187491.0,113.0,618.0,5.0,5.0,0.8335724694593896,21
Mexico,E2020,0.08541126776642502,0.056493857871591606,1313925.0,1151311.0,112224.0,65042.0,5.0,5.0,1.5118682098248908,21
Mexico,E2021,0.017092582075274088,0.01161004712465249,1852324.0,1586643.0,31661.0,18421.0,5.0,5.0,1.472223315870968,21
Moldova,E2020,0.02278195342442656,0.029532778641309317,154201.0,32811.0,3513.0,969.0,5.0,5.0,0.7714124600710628,21
Moldova,E2021,0.01510183635597755,0.012586539820091367,175674.0,84932.0,2653.0,1069.0,5.0,5.0,1.1998401921289854,21
Mongolia,E2021,0.0007338879618012838,0.0021706425013566515,328388.0,226661.0,241.0,492.0,5.0,5.0,0.3380971124183756,21
Montenegro,E2020,0.013858967849938938,0.017047591192077886,72877.0,23933.0,1010.0,408.0,5.0,5.0,0.8129575430210505,21
Montenegro,E2021,0.005248456998693517,0.004377569828441798,88788.0,56424.0,466.0,247.0,5.0,5.0,1.1989430675881902,21
Morocco,E2020,0.013403703075306935,0.014894269674409998,277013.0,410762.0,3713.0,6118.0,5.0,5.0,0.8999234852270722,21
Morocco,E2021,0.006001040855896725,0.004586113458232569,217129.0,171605.0,1303.0,787.0,5.0,5.0,1.3085242898045202,21
Mozambique,E2020,0.013631158340618881,0.01246572838603546,81211.0,54710.0,1107.0,682.0,5.0,5.0,1.093490722603019,21
Nepal,E2020,0.01695662781750277,0.01128674785535048,106566.0,477817.0,1807.0,5393.0,5.0,5.0,1.5023484208929576,21
Nepal,E2021,0.0027433436233841404,0.00661432777232581,165856.0,50950.0,455.0,337.0,5.0,5.0,0.414757737719353,21
Netherlands,E2020,0.008836467553595701,0.002649752511929814,934310.0,506085.0,8256.0,1341.0,5.0,5.0,3.334827503252409,21
Netherlands,E2021,0.0005871276464705035,0.0013166652197818098,5772169.0,414684.0,3389.0,546.0,5.0,5.0,0.44592022151826793,21
New Zealand,E2021,0.0014547901687853493,0.0008142371765128497,808364.0,668110.0,1176.0,544.0,5.0,5.0,1.786690918505845,21
Nigeria,E2020,0.008946600291889081,0.01934019464568888,100038.0,32161.0,895.0,622.0,5.0,5.0,0.4625910160569851,21
Nigeria,E2021,0.003889170156947577,0.009358162397202004,43454.0,21158.0,169.0,198.0,5.0,5.0,0.4155912231348325,21
North Macedonia,E2020,0.0311731843575419,0.04938227136836797,98450.0,27763.0,3069.0,1371.0,5.0,5.0,0.6312626676283265,21
North Macedonia,E2021,0.017693638991752636,0.0164390158479993,103427.0,45684.0,1830.0,751.0,5.0,5.0,1.0763198451387848,21
Norway,E2020,0.005650314199714844,0.0014271838886796566,75748.0,50449.0,428.0,72.0,5.0,5.0,3.9590652925196412,21
Norway,E2021,0.0015617178896786465,0.016143030723832667,1198680.0,63371.0,1872.0,1023.0,5.0,5.0,0.09674254583267401,21
Oman,E2020,0.01252679528403001,0.01753752768435731,44784.0,121910.0,561.0,2138.0,5.0,5.0,0.7142851324022912,21
Pakistan,E2020,0.026657934098613115,0.021048867162640865,338961.0,355126.0,9036.0,7475.0,5.0,5.0,1.266478328388506,21
Pakistan,E2021,0.00678167000115348,0.00966362829716867,251413.0,123970.0,1705.0,1198.0,5.0,5.0,0.7017726461126852,21
Panama,E2020,0.014675800282678491,0.01050442572251253,221453.0,112524.0,3250.0,1182.0,5.0,5.0,1.3971063883317383,21
Panama,E2021,0.0028334338340094286,0.0018638799926201707,291872.0,211387.0,827.0,394.0,5.0,5.0,1.5201804006846473,21
Paraguay,E2020,0.04241484692441754,0.025805046144096327,202547.0,151482.0,8591.0,3909.0,5.0,5.0,1.64366483545782,21
Paraguay,E2021,0.011556905846960355,0.013009243409791168,67146.0,186944.0,776.0,2432.0,5.0,5.0,0.8883611047097683,21
Peru,E2020,0.04806818093513719,0.1096654934191762,514748.0,648627.0,24743.0,71132.0,5.0,5.0,0.4383163695019855,21
Peru,E2021,0.007429983963425979,0.008807511025184175,564335.0,1345329.0,4193.0,11849.0,5.0,5.0,0.8435963284270326,21
Philippines,E2020,0.022329283962472617,0.018268486070746652,366559.0,1043272.0,8185.0,19059.0,5.0,5.0,1.2222843138725394,21
Philippines,E2021,0.014570652850997061,0.008433870636482288,890969.0,754695.0,12982.0,6365.0,5.0,5.0,1.727635326533107,21
Poland,E2020,0.02561784515050133,0.03617303389409132,1958986.0,120670.0,50185.0,4365.0,5.0,5.0,0.7082028348936988,21
Poland,E2021,0.01194035845924885,0.00965930815205361,2937684.0,198772.0,35077.0,1920.0,5.0,5.0,1.2361504852405274,21
Portugal,E2020,0.019293313326759185,0.005557991267970991,680443.0,218964.0,13128.0,1217.0,5.0,5.0,3.471274494067788,21
Portugal,E2021,0.0014371657249190792,0.0016926439519935272,2648268.0,1423808.0,3806.0,2410.0,5.0,5.0,0.8490655835956782,21
Qatar,E2020,0.0034804252446844416,0.0022597875212772203,47408.0,34074.0,165.0,77.0,5.0,5.0,1.5401559712646449,21
Qatar,E2021,0.0005402396699626744,0.00013101771650677653,122168.0,68693.0,66.0,9.0,5.0,5.0,4.123409294305111,21
Romania,E2020,0.023721509450934975,0.08980989321457646,711464.0,83532.0,16877.0,7502.0,5.0,5.0,0.264130248927686,21
Romania,E2021,0.008663344777730127,0.01969021310610125,1205539.0,460381.0,10444.0,9065.0,5.0,5.0,0.43998227601943446,21
Russia,E2020,0.024063640616392084,0.038177961597428145,2887967.0,2248339.0,69495.0,85837.0,5.0,5.0,0.6303018707529197,21
Russia,E2021,0.011704129666000262,0.018333601521702554,9205127.0,1907863.0,107738.0,34978.0,5.0,5.0,0.6383977339174413,21
Saudi Arabia,E2020,0.025675833820947923,0.014994336547227672,42725.0,144788.0,1097.0,2171.0,5.0,5.0,1.7123687827118415,21
Saudi Arabia,E2021,0.0012413636206274079,0.004868333702146493,202197.0,63266.0,251.0,308.0,5.0,5.0,0.25498737280069345,21
Serbia,E2020,0.00889925258560586,0.014975966949590181,553642.0,75521.0,4927.0,1131.0,5.0,5.0,0.5942355919695316,21
Serbia,E2021,0.005660707732382846,0.0051217596918608985,833818.0,455898.0,4720.0,2335.0,5.0,5.0,1.1052271236736082,21
Singapore,E2021,0.0007349223988757914,0.0006667703865045674,898054.0,674895.0,660.0,450.0,5.0,5.0,1.102212116420616,21
Slovakia,E2020,0.016449271895971472,0.01124933412715821,648053.0,31913.0,10660.0,359.0,5.0,5.0,1.4622440501842273,21
Slovakia,E2021,0.0038479197467185507,0.00864695282419591,1544211.0,77137.0,5942.0,667.0,5.0,5.0,0.4450029767655605,21
Slovenia,E2020,0.017374996552580048,0.007269545316864672,181295.0,29713.0,3150.0,216.0,5.0,5.0,2.3901077433648656,21
Slovenia,E2021,0.0023803536209053566,0.0023455605889807665,632259.0,142823.0,1505.0,335.0,5.0,5.0,1.0148335677569127,21
South Africa,E2020,0.026859160263301138,0.04022705587057329,1243747.0,822705.0,33406.0,33095.0,5.0,5.0,0.6676889392481995,21
South Africa,E2021,0.010690378081399552,0.013430601239651271,345825.0,796837.0,3697.0,10702.0,5.0,5.0,0.7959716687766936,21
Spain,E2020,0.016555683943440504,0.006147858876528567,2098675.0,1637318.0,34745.0,10066.0,5.0,5.0,2.692918669074719,21
Spain,E2021,0.0024489157649010083,0.005815903467741312,6497161.0,1550404.0,15911.0,9017.0,5.0,5.0,0.42107228541261865,21
Sri Lanka,E2020,0.006667235474080665,0.03353815337141001,82043.0,332487.0,547.0,11151.0,5.0,5.0,0.1987955448902034,21
Sri Lanka,E2021,0.019675177093183362,0.018130751762877973,120558.0,83670.0,2372.0,1517.0,5.0,5.0,1.0851826416523744,21
Sweden,E2020,0.010957619858610409,0.0030056959794177857,680531.0,161693.0,7457.0,486.0,5.0,5.0,3.6456181641940177,21
Sweden,E2021,0.0027189024112311408,0.015126313086772569,1316340.0,89579.0,3579.0,1355.0,5.0,5.0,0.17974653807798846,21
Switzerland,E2020,0.013956985541753474,0.0036698089405720314,446873.0,130797.0,6237.0,480.0,5.0,5.0,3.8031913289681856,21
Switzerland,E2021,0.0008724005606221244,0.0007508588591059636,2624941.0,486110.0,2290.0,365.0,5.0,5.0,1.1618702370521121,21
Thailand,E2020,0.0019933819718534465,0.013053114427301954,25083.0,1139728.0,50.0,14877.0,5.0,5.0,0.1527131308742747,21
Thailand,E2021,0.00408139959669596,0.007480776651984029,1716323.0,800719.0,7005.0,5990.0,5.0,5.0,0.5455850089593978,21
Tunisia,E2020,0.037285342807857676,0.035147824910357894,194205.0,369525.0,7241.0,12988.0,5.0,5.0,1.0608150832363417,21
Tunisia,E2021,0.009868879144140101,0.008152562574493444,323137.0,146825.0,3189.0,1197.0,5.0,5.0,1.2105247956043195,21
Turkey,E2020,0.008415213057245272,0.011238221336781602,2941815.0,1616270.0,24756.0,18164.0,5.0,5.0,0.7488029293125862,21
Turkey,E2021,0.003457012243884063,0.0035543634696241187,6827572.0,2405494.0,23603.0,8550.0,5.0,5.0,0.9726107848642865,21
US,E2020,0.014412936648106611,0.014094697704271231,21403133.0,8126744.0,308482.0,114544.0,5.0,5.0,1.0225786285390812,21
US,E2021,0.006528112201558969,0.006232767235205758,34168224.0,17206322.0,223054.0,107243.0,5.0,5.0,1.047385848886664,21
Ukraine,E2020,0.02369768703152073,0.028488517935736927,1325699.0,350808.0,31416.0,9994.0,5.0,5.0,0.8318329189667525,21
Ukraine,E2021,0.013549350201394101,0.037342431609700286,2139586.0,244735.0,28990.0,9139.0,5.0,5.0,0.36284059760785486,21
United Arab Emirates,E2020,0.0030807596977023553,0.0022558117545352623,328815.0,222093.0,1013.0,501.0,5.0,5.0,1.365698929225168,21
United Arab Emirates,E2021,0.0010436275966841705,0.00065452327648402,151395.0,134449.0,158.0,88.0,5.0,5.0,1.5944850766657959,21
United Kingdom,E2020,0.024058118056637125,0.004818010215234773,3345191.0,2506844.0,80479.0,12078.0,5.0,5.0,4.993372156116281,21
United Kingdom,E2021,0.002001681350086115,0.005104493084843202,12209236.0,2546580.0,24439.0,12999.0,5.0,5.0,0.39214106412049377,21
Uruguay,E2020,0.012280898816305353,0.01966316817183305,186957.0,102425.0,2296.0,2014.0,5.0,5.0,0.6245635855313186,21
Uruguay,E2021,0.003259582351354837,0.002190123796646398,85287.0,494036.0,278.0,1082.0,5.0,5.0,1.488309636352993,21
Uzbekistan,E2021,0.005059282431545205,0.004404122258433894,51786.0,22706.0,262.0,100.0,5.0,5.0,1.1487606689066543,21
Venezuela,E2020,0.01600373809941008,0.012274770681110424,68484.0,165054.0,1096.0,2026.0,5.0,5.0,1.3037912084205487,21
Venezuela,E2021,0.005520128596915794,0.01003503138227996,113222.0,54808.0,625.0,550.0,5.0,5.0,0.5500858329813834,21
Vietnam,E2021,0.002224796543339511,0.0036798654597906153,8643487.0,1090529.0,19230.0,4013.0,5.0,5.0,0.6045863816624705,21
West Bank and Gaza,E2020,0.013112114937537401,0.010509604699158596,188833.0,62990.0,2476.0,662.0,5.0,5.0,1.2476316010807869,21
West Bank and Gaza,E2021,0.00437478113764038,0.00656008097014226,202753.0,106706.0,887.0,700.0,5.0,5.0,0.6668791372472206,21
Zambia,E2020,0.020340195736054445,0.012252382407690384,117403.0,71986.0,2388.0,882.0,5.0,5.0,1.6601012814689515,21
Zimbabwe,E2020,0.034078104192039334,0.04523934771173067,87857.0,28515.0,2994.0,1290.0,5.0,5.0,0.7532846054542648,21
Albania,E2021,0.004605270602079726,0.0041800766774801575,88377.0,77989.0,407.0,326.0,5.0,5.0,1.1017191686674717,28
Algeria,E2020,0.014194092827004219,0.031651194943709264,59250.0,81008.0,841.0,2564.0,5.0,5.0,0.44845361611932827,28
Argentina,E2020,0.020579392749937735,0.020835148917376048,2541523.0,1181897.0,52303.0,24625.0,5.0,5.0,0.9877247737247984,28
Argentina,E2021,0.0028791764669404097,0.0032042322645624128,677277.0,3749104.0,1950.0,12013.0,5.0,5.0,0.8985542336562189,28
Armenia,E2020,0.01896407523389026,0.03491684278232105,102826.0,32649.0,1950.0,1140.0,5.0,5.0,0.5431211336063887,28
Armenia,E2021,0.009702871454467436,0.031228893963271477,114193.0,31093.0,1108.0,971.0,5.0,5.0,0.3107017323725602,28
Australia,E2021,0.0016790520805587599,0.0011792677905838535,4141027.0,4401036.0,6953.0,5190.0,5.0,5.0,1.4238089889044319,28
Austria,E2020,0.019601454678949602,0.010527390500391373,435835.0,88151.0,8543.0,928.0,5.0,5.0,1.861948094185438,28
Austria,E2021,0.0014646723544831624,0.0014874191126181924,3019788.0,836348.0,4423.0,1244.0,5.0,5.0,0.984707230166627,28
Azerbaijan,E2020,0.015200248009145337,0.015432211433160547,206444.0,109576.0,3138.0,1691.0,5.0,5.0,0.9849688798640505,28
Azerbaijan,E2021,0.007291930519415724,0.008975289787947826,260562.0,79886.0,1900.0,717.0,5.0,5.0,0.8124451345523633,28
Bahrain,E2020,0.00463375796178344,0.004698772030952506,62800.0,114498.0,291.0,538.0,5.0,5.0,0.9861636042904838,28
Bahrain,E2021,0.0002917447053738654,0.00035068430829889675,277640.0,105508.0,81.0,37.0,5.0,5.0,0.8319297398536701,28
Bangladesh,E2020,0.023206015392095714,0.019731832937905397,203611.0,791969.0,4725.0,15627.0,5.0,5.0,1.1760699305089046,28
Bangladesh,E2021,0.003007554222354844,0.00529908859168209,382038.0,114548.0,1149.0,607.0,5.0,5.0,0.56756066072867,28
Belarus,E2020,0.006174857270793687,0.011112654535352132,223325.0,129582.0,1379.0,1440.0,5.0,5.0,0.5556599686555469,28
Belarus,E2021,0.005202198935838627,0.008626825726731771,362539.0,70246.0,1886.0,606.0,5.0,5.0,0.6030258522226406,28
Belgium,E2020,0.016943056854888533,0.008144045051416422,453224.0,227651.0,7679.0,1854.0,5.0,5.0,2.0804227810529823,28
Belgium,E2021,0.001846692777620284,0.0027295708999356175,2490398.0,486157.0,4599.0,1327.0,5.0,5.0,0.6765505807758435,28
Bolivia,E2020,0.024934421451471876,0.0303932524071211,205860.0,130654.0,5133.0,3971.0,5.0,5.0,0.8203933266987172,28
Bolivia,E2021,0.0023321890576210704,0.007078502107586022,206244.0,388359.0,481.0,2749.0,5.0,5.0,0.3294749400613537,28
Bosnia and Herzegovina,E2020,0.04925712755989827,0.07262960213128357,119536.0,22897.0,5888.0,1663.0,5.0,5.0,0.6781963017071502,28
Bosnia and Herzegovina,E2021,0.026964020801747608,0.03232959556507497,122682.0,39685.0,3308.0,1283.0,5.0,5.0,0.8340352030532765,28
Botswana,E2020,0.013816662482516229,0.02020719147142083,111532.0,33206.0,1541.0,671.0,5.0,5.0,0.6837497680990072,28
Botswana,E2021,0.0031536765228937945,0.002287021154945683,42173.0,118932.0,133.0,272.0,5.0,5.0,1.3789450596353117,28
Brazil,E2020,0.021766019814540283,0.03127104920554321,7012628.0,7225629.0,152637.0,225953.0,5.0,5.0,0.6960437966591145,28
Brazil,E2021,0.006722717396775783,0.00601237918679324,4628783.0,8137045.0,31118.0,48923.0,5.0,5.0,1.1181459432137728,28
Brunei,E2021,0.000997674840454478,0.0005555622652447493,121282.0,82799.0,121.0,46.0,5.0,5.0,1.795793024234572,28
Bulgaria,E2020,0.043234905396685175,0.06191778862486367,289789.0,55929.0,12529.0,3463.0,5.0,5.0,0.6982630736157104,28
Bulgaria,E2021,0.016404719339486347,0.026930415306068583,536431.0,132601.0,8800.0,3571.0,5.0,5.0,0.6091521112112095,28
Burma,E2020,0.014733416547788872,0.05700188878478264,89728.0,268956.0,1322.0,15331.0,5.0,5.0,0.25847242717546826,28
Burma,E2021,0.0031027494305647723,0.015104570100697134,111514.0,67132.0,346.0,1014.0,5.0,5.0,0.2054179238389293,28
Canada,E2020,0.016043718402057337,0.010142900458729056,752818.0,306717.0,12078.0,3111.0,5.0,5.0,1.5817682986576087,28
Canada,E2021,0.005374223616523068,0.00989227608918739,1769744.0,554473.0,9511.0,5485.0,5.0,5.0,0.5432747295030802,28
Chile,E2020,0.02004291278129735,0.022154128939462003,491695.0,485282.0,9855.0,10751.0,5.0,5.0,0.9047032648435996,28
Chile,E2021,0.0036099774182187325,0.01080135684232339,965380.0,1775888.0,3485.0,19182.0,5.0,5.0,0.33421517971460896,28
China,E2021,0.007445619370001875,0.001683049727407897,1264099.0,484240.0,9412.0,815.0,5.0,5.0,4.423885550588599,28
Colombia,E2020,0.027266319519769284,0.01948985554873855,1332193.0,2263947.0,36324.0,44124.0,5.0,5.0,1.3990005955448988,28
Colombia,E2021,0.010486555094597928,0.011331966650857051,1082529.0,255119.0,11352.0,2891.0,5.0,5.0,0.9253958661981075,28
Costa Rica,E2020,0.014158231344751061,0.011459985113750364,106793.0,247208.0,1512.0,2833.0,5.0,5.0,1.235449366139506,28
Costa Rica,E2021,0.004009482174301299,0.003854461309533564,278839.0,305101.0,1118.0,1176.0,5.0,5.0,1.0402185551543373,28
Croatia,E2020,0.024046852228359634,0.017511788778329422,222316.0,48139.0,5346.0,843.0,5.0,5.0,1.3731808059561144,28
Croatia,E2021,0.008043534957094785,0.011812346812469772,628828.0,121991.0,5058.0,1441.0,5.0,5.0,0.6809430069055864,28
Cuba,E2020,0.007034632034632035,0.011690429111596767,68376.0,547713.0,481.0,6403.0,5.0,5.0,0.601742841728005,28
Cuba,E2021,0.0016270862861936305,0.003833381430066632,138284.0,232171.0,225.0,890.0,5.0,5.0,0.4244519664627656,28
Cyprus,E2020,0.006111535523300229,0.0039907624989871165,41888.0,49364.0,256.0,197.0,5.0,5.0,1.5314205054426013,28
Cyprus,E2021,0.0013693761839398257,0.0013975478486683648,306709.0,100891.0,420.0,141.0,5.0,5.0,0.9798420749920068,28
Czechia,E2020,0.017613157037494883,0.02561960751141939,1197230.0,94576.0,21087.0,2423.0,5.0,5.0,0.6874873875270805,28
Czechia,E2021,0.0031315357895385695,0.0052126482620217665,2303662.0,194335.0,7214.0,1013.0,5.0,5.0,0.6007571645212023,28
Denmark,E2020,0.008995185217315868,0.00193733153638814,184432.0,106848.0,1659.0,207.0,5.0,5.0,4.643079952172782,28
Denmark,E2021,0.0012152467606619576,0.004492215061856155,2714675.0,170072.0,3299.0,764.0,5.0,5.0,0.270522836491231,28
Dominican Republic,E2020,0.009060608230118766,0.0054596166399620205,125709.0,101106.0,1139.0,552.0,5.0,5.0,1.6595685791927315,28
Dominican Republic,E2021,0.0008759733744837105,0.0013210815254088013,196353.0,68126.0,172.0,90.0,5.0,5.0,0.6630729123341917,28
Ecuador,E2020,0.09317878449426571,0.031757005038520705,146836.0,160563.0,13682.0,5099.0,5.0,5.0,2.9341175082864845,28
Ecuador,E2021,0.003518774219411162,0.0068704250674200594,134706.0,342628.0,474.0,2354.0,5.0,5.0,0.5121625204963499,28
Egypt,E2020,0.06976399932329555,0.04061521458832197,94576.0,65148.0,6598.0,2646.0,5.0,5.0,1.7176814164452225,28
El Salvador,E2020,0.03268608414239482,0.03917050691244239,30900.0,28210.0,1010.0,1105.0,5.0,5.0,0.8344565010470208,28
El Salvador,E2021,0.007495276086500105,0.009823143405889885,47630.0,49984.0,357.0,491.0,5.0,5.0,0.7630221586713264,28
Estonia,E2020,0.01023453737723973,0.005398175130177232,101519.0,20933.0,1039.0,113.0,5.0,5.0,1.895925406351852,28
Estonia,E2021,0.002058868174479418,0.006508786862264056,362335.0,39946.0,746.0,260.0,5.0,5.0,0.3163213388375186,28
Ethiopia,E2020,0.017605506248867957,0.021953495921762774,110420.0,73929.0,1944.0,1623.0,5.0,5.0,0.8019454537723716,28
Ethiopia,E2021,0.00736201011559312,0.016605166051660517,104591.0,60162.0,770.0,999.0,5.0,5.0,0.44335660918349673,28
Finland,E2020,0.008019610707966038,0.003661295212331802,61599.0,42881.0,494.0,157.0,5.0,5.0,2.190375329734342,28
Finland,E2021,0.0034228417733054243,0.006125960307298336,724252.0,249920.0,2479.0,1531.0,5.0,5.0,0.5587437073706673,28
France,E2020,0.0157609570954087,0.007982768550053228,3290790.0,1489834.0,51866.0,11893.0,5.0,5.0,1.9743722991071322,28
France,E2021,0.0014500951353481474,0.0013153330623930585,18534646.0,6180944.0,26877.0,8130.0,5.0,5.0,1.102454714177038,28
Georgia,E2020,0.011868629671574179,0.017943867063053325,242825.0,244206.0,2882.0,4382.0,5.0,5.0,0.6614309852981387,28
Georgia,E2021,0.005196890907270804,0.007768543311193797,929017.0,143785.0,4828.0,1117.0,5.0,5.0,0.6689659436901813,28
Germany,E2020,0.02895699788657363,0.009932625880410526,2290120.0,608097.0,66315.0,6040.0,5.0,5.0,2.9153416463297623,28
Germany,E2021,0.002091337955245416,0.0016622548446158995,16545389.0,7719033.0,34602.0,12831.0,5.0,5.0,1.258133168941773,28
Greece,E2020,0.035729243710958036,0.011852371071612059,224438.0,251089.0,8019.0,2976.0,5.0,5.0,3.014522874375249,28
Greece,E2021,0.004856967677172907,0.002905008800643522,2288259.0,1506708.0,11114.0,4377.0,5.0,5.0,1.6719287308516877,28
Guatemala,E2020,0.03861691600209558,0.02231076003350264,85895.0,260278.0,3317.0,5807.0,5.0,5.0,1.7308651047345331,28
Guatemala,E2021,0.0071138837317753474,0.009107067385351112,227302.0,345446.0,1617.0,3146.0,5.0,5.0,0.7811388047065692,28
Honduras,E2020,0.025033910259888232,0.026856861780619773,92155.0,142310.0,2307.0,3822.0,5.0,5.0,0.9321234351346662,28
Honduras,E2021,0.01074845121604168,0.009982435088085424,45681.0,57501.0,491.0,574.0,5.0,5.0,1.076736399605597,28
Hungary,E2020,0.039257544462773256,0.024872915533379603,577112.0,53311.0,22656.0,1326.0,5.0,5.0,1.5783250021530204,28
Hungary,E2021,0.012466968552848292,0.009556802492748484,988452.0,157898.0,12323.0,1509.0,5.0,5.0,1.304512525220437,28
Iceland,E2021,0.0005003007760617991,0.00228287841191067,167899.0,20150.0,84.0,46.0,5.0,5.0,0.21915349212272286,28
India,E2020,0.016875442560561605,0.009187022746376871,4037583.0,16267294.0,68136.0,149448.0,5.0,5.0,1.8368782821634846,28
India,E2021,0.0062887008305872304,0.005821411293408209,8739961.0,2313013.0,54963.0,13465.0,5.0,5.0,1.0802708335877504,28
Indonesia,E2020,0.03739592563283333,0.02584366353674212,2533645.0,1101624.0,94748.0,28470.0,5.0,5.0,1.4470055911255493,28
Indonesia,E2021,0.007150452191212284,0.007016839510082218,437315.0,1768460.0,3127.0,12409.0,5.0,5.0,1.0190417182747422,28
Iran,E2020,0.01844763323465264,0.018739856768542673,1272792.0,2574993.0,23480.0,48255.0,5.0,5.0,0.9844063091036763,28
Iran,E2021,0.009234943623937647,0.010082180242384612,1237582.0,902285.0,11429.0,9097.0,5.0,5.0,0.9159669240106167,28
Iraq,E2020,0.008437881647607417,0.007985295447519343,378294.0,950998.0,3192.0,7594.0,5.0,5.0,1.0566774520820856,28
Iraq,E2021,0.005357507699525543,0.0041624316344804225,264302.0,247932.0,1416.0,1032.0,5.0,5.0,1.2871100765104329,28
Ireland,E2020,0.016318994483881695,0.0032725994176035196,174398.0,110921.0,2846.0,363.0,5.0,5.0,4.986554234563751,28
Ireland,E2021,0.0014045733460507717,0.004877938746623508,1013831.0,177329.0,1424.0,865.0,5.0,5.0,0.2879440310772685,28
Israel,E2020,0.006756548357994895,0.006303435497912807,518756.0,358376.0,3505.0,2259.0,5.0,5.0,1.0718834769122525,28
Israel,E2021,0.000967281117908326,0.001607648422939578,2590767.0,773179.0,2506.0,1243.0,5.0,5.0,0.6016745353686578,28
Italy,E2020,0.022678954757390287,0.012330701528459906,2905469.0,562985.0,65893.0,6942.0,5.0,5.0,1.8392266413266163,28
Italy,E2021,0.0029958292423935876,0.002109295039607753,9870389.0,5536921.0,29570.0,11679.0,5.0,5.0,1.4202988136504107,28
Japan,E2020,0.021446745665033726,0.00534361553018941,373763.0,916795.0,8016.0,4899.0,5.0,5.0,4.0135270855224725,28
Japan,E2021,0.002303478489991897,0.0013117121150049685,4842676.0,11294399.0,11155.0,14815.0,5.0,5.0,1.7560853968198442,28
Jordan,E2020,0.011369835055754495,0.020053587875743115,538970.0,95544.0,6128.0,1916.0,5.0,5.0,0.5669726098992731,28
Jordan,E2021,0.0030279151364429407,0.00530484047908871,829944.0,66543.0,2513.0,353.0,5.0,5.0,0.5707834473776844,28
Kazakhstan,E2020,0.02804301191692664,0.01787277443602984,147773.0,498076.0,4144.0,8902.0,5.0,5.0,1.5690351835020393,28
Kazakhstan,E2021,0.003341025544924479,0.00642600539413197,373538.0,183162.0,1248.0,1177.0,5.0,5.0,0.5199226175526401,28
Kenya,E2020,0.027524637394433248,0.015760910912180154,80873.0,78866.0,2226.0,1243.0,5.0,5.0,1.7463862049472023,28
Kenya,E2021,0.00646867517243844,0.0045070101122473725,27981.0,70113.0,181.0,316.0,5.0,5.0,1.4352475391303048,28
"Korea, South",E2020,0.016908212560386472,0.0042968227300435625,77004.0,134518.0,1302.0,578.0,5.0,5.0,3.9350500643565183,28
"Korea, South",E2021,0.0014715477201464292,0.000744203425855155,13009432.0,6112576.0,19144.0,4549.0,5.0,5.0,1.9773460710094042,28
Kosovo,E2020,0.01639156514394514,0.017189869926920072,69853.0,43514.0,1145.0,748.0,5.0,5.0,0.9535595797775787,28
Kosovo,E2021,0.0023235245619031915,0.0015216536442749918,66709.0,58489.0,155.0,89.0,5.0,5.0,1.5269733494511883,28
Kuwait,E2020,0.00631963607937689,0.005425093945184748,106177.0,155942.0,671.0,846.0,5.0,5.0,1.1648897038891146,28
Kuwait,E2021,0.00041608876560332873,0.0007559123141715561,216300.0,27781.0,90.0,21.0,5.0,5.0,0.5504458093917178,28
Kyrgyzstan,E2020,0.011126095751854349,0.010693259641956025,29660.0,83230.0,330.0,890.0,5.0,5.0,1.0404774712661096,28
Latvia,E2020,0.019954596813484125,0.01501611784388134,96469.0,24507.0,1925.0,368.0,5.0,5.0,1.3288785437718897,28
Latvia,E2021,0.0027822049275902276,0.006833811197102637,579756.0,92774.0,1613.0,634.0,5.0,5.0,0.4071234699562394,28
Lebanon,E2020,0.016098788135505665,0.008631420001224315,387172.0,98014.0,6233.0,846.0,5.0,5.0,1.8651378490702746,28
Lebanon,E2021,0.003716679292564642,0.0031378497549949067,450133.0,134487.0,1673.0,422.0,5.0,5.0,1.1844669384339834,28
Libya,E2020,0.019067666714352866,0.011873203396854423,97862.0,152023.0,1866.0,1805.0,5.0,5.0,1.6059412171280143,28
Libya,E2021,0.00687137642258965,0.012306239235513085,144367.0,35998.0,992.0,443.0,5.0,5.0,0.5583652561182443,28
Lithuania,E2020,0.016644879304667154,0.014230847728073918,200422.0,53897.0,3336.0,767.0,5.0,5.0,1.169633715624049,28
Lithuania,E2021,0.003401457726780515,0.009898842505866345,699994.0,101426.0,2381.0,1004.0,5.0,5.0,0.3436217643390842,28
Luxembourg,E2021,0.001475981751498345,0.0011471903558234495,134148.0,51430.0,198.0,59.0,5.0,5.0,1.2866057877891504,28
Malaysia,E2020,0.003576979920497401,0.017543348825055528,313952.0,1339425.0,1123.0,23498.0,5.0,5.0,0.20389379223815776,28
Malaysia,E2021,0.003020903589425277,0.004243094929507554,1730277.0,834061.0,5227.0,3539.0,5.0,5.0,0.7119575780445425,28
Mauritius,E2021,0.002796216597369125,0.002784133638414644,41127.0,187491.0,115.0,522.0,5.0,5.0,1.0043399349757367,28
Mexico,E2020,0.08406796430542078,0.058203213553939814,1313925.0,1151311.0,110459.0,67010.0,5.0,5.0,1.4443869877994076,28
Mexico,E2021,0.016409116331700068,0.010420113409254634,1852324.0,1586643.0,30395.0,16533.0,5.0,5.0,1.5747541017285183,28
Moldova,E2020,0.022768983339926458,0.032397671512602484,154201.0,32811.0,3511.0,1063.0,5.0,5.0,0.7027969072119726,28
Moldova,E2021,0.013775516012614274,0.014599915226298686,175674.0,84932.0,2420.0,1240.0,5.0,5.0,0.9435339725672222,28
Mongolia,E2021,0.000581629048564503,0.002091228751307018,328388.0,226661.0,191.0,474.0,5.0,5.0,0.27812789404362614,28
Montenegro,E2020,0.013776637347860093,0.018927840220615885,72877.0,23933.0,1004.0,453.0,5.0,5.0,0.7278504672104539,28
Montenegro,E2021,0.0048317340181105554,0.004147171416418545,88788.0,56424.0,429.0,234.0,5.0,5.0,1.1650673514438887,28
Morocco,E2020,0.011826159783114873,0.015782862095325274,277013.0,410762.0,3276.0,6483.0,5.0,5.0,0.7493038785796439,28
Morocco,E2021,0.005964196399375486,0.0036770490370327206,217129.0,171605.0,1295.0,631.0,5.0,5.0,1.6220062172976708,28
Mozambique,E2020,0.01365578554629299,0.012520562968378723,81211.0,54710.0,1109.0,685.0,5.0,5.0,1.0906686529017366,28
Nepal,E2020,0.016487435016797104,0.009363417375271285,106566.0,477817.0,1757.0,4474.0,5.0,5.0,1.760835211761498,28
Nepal,E2021,0.0025805518039745323,0.006535819430814524,165856.0,50950.0,428.0,333.0,5.0,5.0,0.3948321754129202,28
Netherlands,E2020,0.008493968811208272,0.0030232075639467677,934310.0,506085.0,7936.0,1530.0,5.0,5.0,2.809588369817215,28
Netherlands,E2021,0.0005332484201346149,0.0014275930588110465,5772169.0,414684.0,3078.0,592.0,5.0,5.0,0.37352970921470036,28
New Zealand,E2021,0.0014671608334859048,0.000892068671326578,808364.0,668110.0,1186.0,596.0,5.0,5.0,1.6446725242621942,28
Nigeria,E2020,0.008916611687558728,0.020273001461397346,100038.0,32161.0,892.0,652.0,5.0,5.0,0.4398269148521108,28
Nigeria,E2021,0.0038661573157822066,0.00987806030815767,43454.0,21158.0,168.0,209.0,5.0,5.0,0.39138830855177,28
North Macedonia,E2020,0.03121381411884205,0.053200302560962434,98450.0,27763.0,3073.0,1477.0,5.0,5.0,0.5867224924721813,28
North Macedonia,E2021,0.01673644212826438,0.015366430260047281,103427.0,45684.0,1731.0,702.0,5.0,5.0,1.0891561569624357,28
Norway,E2020,0.0056107091936420765,0.001466827885587425,75748.0,50449.0,425.0,74.0,5.0,5.0,3.825063082568231,28
Norway,E2021,0.0015700603997730836,0.015874769216202993,1198680.0,63371.0,1882.0,1006.0,5.0,5.0,0.09890288031214721,28
Oman,E2020,0.013620936048588782,0.017028955787056026,44784.0,121910.0,610.0,2076.0,5.0,5.0,0.7998691299053268,28
Pakistan,E2020,0.028602110567292404,0.020587059240945466,338961.0,355126.0,9695.0,7311.0,5.0,5.0,1.389324732228188,28
Pakistan,E2021,0.006566883971791435,0.007856739533758168,251413.0,123970.0,1651.0,974.0,5.0,5.0,0.8358281375595319,28
Panama,E2020,0.014373253015312504,0.010388894813550887,221453.0,112524.0,3183.0,1169.0,5.0,5.0,1.38352089161251,28
Panama,E2021,0.0028197291963600484,0.0016320776585125858,291872.0,211387.0,823.0,345.0,5.0,5.0,1.7276930308143814,28
Paraguay,E2020,0.038716939772003536,0.02947544922829115,202547.0,151482.0,7842.0,4465.0,5.0,5.0,1.313531796314141,28
Paraguay,E2021,0.011005867810442915,0.012987846627867169,67146.0,186944.0,739.0,2428.0,5.0,5.0,0.8473974266702802,28
Peru,E2020,0.041099722582700664,0.11749896319456328,514748.0,648627.0,21156.0,76213.0,5.0,5.0,0.34978795952986214,28
Peru,E2021,0.007467195903142637,0.008689324321411342,564335.0,1345329.0,4214.0,11690.0,5.0,5.0,0.859352882564498,28
Philippines,E2020,0.023728785816198757,0.01807103037367053,366559.0,1043272.0,8698.0,18853.0,5.0,5.0,1.3130842749714797,28
Philippines,E2021,0.013362978958863889,0.009693982337235571,890969.0,754695.0,11906.0,7316.0,5.0,5.0,1.3784818760743278,28
Poland,E2020,0.025414678818531627,0.03684428606944559,1958986.0,120670.0,49787.0,4446.0,5.0,5.0,0.6897861657742267,28
Poland,E2021,0.01122823285281875,0.011923208500191174,2937684.0,198772.0,32985.0,2370.0,5.0,5.0,0.9417123631310078,28
Portugal,E2020,0.018532044565084806,0.0062887049926015235,680443.0,218964.0,12610.0,1377.0,5.0,5.0,2.9468777096218077,28
Portugal,E2021,0.0014466058571111383,0.0015613060187890501,2648268.0,1423808.0,3831.0,2223.0,5.0,5.0,0.9265357589751217,28
Qatar,E2020,0.004387445156935539,0.002025004402183483,47408.0,34074.0,208.0,69.0,5.0,5.0,2.1666348735858194,28
Qatar,E2021,0.0005402396699626744,0.00013101771650677653,122168.0,68693.0,66.0,9.0,5.0,5.0,4.123409294305111,28
Romania,E2020,0.023596415278917836,0.10076377915050519,711464.0,83532.0,16788.0,8417.0,5.0,5.0,0.23417556862047817,28
Romania,E2021,0.007628123188051154,0.024106120799946132,1205539.0,460381.0,9196.0,11098.0,5.0,5.0,0.3164392666640997,28
Russia,E2020,0.023847571665465705,0.03999441365381288,2887967.0,2248339.0,68871.0,89921.0,5.0,5.0,0.5962725662610681,28
Russia,E2021,0.010916090565616314,0.019359880662290743,9205127.0,1907863.0,100484.0,36936.0,5.0,5.0,0.5638511288387599,28
Saudi Arabia,E2020,0.024926857811585722,0.01398596568776418,42725.0,144788.0,1065.0,2025.0,5.0,5.0,1.7822764883080857,28
Saudi Arabia,E2021,0.0012463092924227363,0.0045205955805646,202197.0,63266.0,252.0,286.0,5.0,5.0,0.27569581711334556,28
Serbia,E2020,0.00872043667207329,0.018047960170018935,553642.0,75521.0,4828.0,1363.0,5.0,5.0,0.483181289737085,28
Serbia,E2021,0.005267336517081665,0.005536326108032937,833818.0,455898.0,4392.0,2524.0,5.0,5.0,0.9514137018480574,28
Singapore,E2021,0.0007048573916490545,0.0007601182406152069,898054.0,674895.0,633.0,513.0,5.0,5.0,0.9272996673235645,28
Slovakia,E2020,0.01668536369710502,0.012941434525115156,648053.0,31913.0,10813.0,413.0,5.0,5.0,1.289297849069522,28
Slovakia,E2021,0.0036296853215007537,0.009450717554480988,1544211.0,77137.0,5605.0,729.0,5.0,5.0,0.3840645221462327,28
Slovenia,E2020,0.015996028572216554,0.010500454346582304,181295.0,29713.0,2900.0,312.0,5.0,5.0,1.5233653748918925,28
Slovenia,E2021,0.0022142824380514945,0.002450585689979905,632259.0,142823.0,1400.0,350.0,5.0,5.0,0.903572744713796,28
South Africa,E2020,0.02705453761898521,0.03992439574331018,1243747.0,822705.0,33649.0,32846.0,5.0,5.0,0.6776442602395186,28
South Africa,E2021,0.00784789994939637,0.013249886739697077,345825.0,796837.0,2714.0,10558.0,5.0,5.0,0.5922993987475995,28
Spain,E2020,0.015855241997927264,0.006417812544661452,2098675.0,1637318.0,33275.0,10508.0,5.0,5.0,2.470505625957582,28
Spain,E2021,0.0025044784945301496,0.00561595558318993,6497161.0,1550404.0,16272.0,8707.0,5.0,5.0,0.4459576749550387,28
Sri Lanka,E2020,0.006728179125580489,0.03437427628749395,82043.0,332487.0,552.0,11429.0,5.0,5.0,0.19573296814479657,28
Sri Lanka,E2021,0.018240183148360126,0.013792279192064062,120558.0,83670.0,2199.0,1154.0,5.0,5.0,1.3224923085123845,28
Sweden,E2020,0.010754837031670857,0.0027583135942805194,680531.0,161693.0,7319.0,446.0,5.0,5.0,3.899062475699452,28
Sweden,E2021,0.0027553671543826064,0.0152825997164514,1316340.0,89579.0,3627.0,1369.0,5.0,5.0,0.18029440052771328,28
Switzerland,E2020,0.012710546396851007,0.005198895999143712,446873.0,130797.0,5680.0,680.0,5.0,5.0,2.4448549074542956,28
Switzerland,E2021,0.0008529715525034658,0.0007405731213099916,2624941.0,486110.0,2239.0,360.0,5.0,5.0,1.151772226076277,28
Thailand,E2020,0.004704381453574134,0.013638341779793074,25083.0,1139728.0,118.0,15544.0,5.0,5.0,0.344937935236692,28
Thailand,E2021,0.004407095867153211,0.006637784291368133,1716323.0,800719.0,7564.0,5315.0,5.0,5.0,0.6639408082128038,28
Tunisia,E2020,0.038155557271954896,0.03577565793924633,194205.0,369525.0,7410.0,13220.0,5.0,5.0,1.0665228669379072,28
Tunisia,E2021,0.009862689818869397,0.007151370679380214,323137.0,146825.0,3187.0,1050.0,5.0,5.0,1.3791327930052373,28
Turkey,E2020,0.008846579407610607,0.011410222301966874,2941815.0,1616270.0,26025.0,18442.0,5.0,5.0,0.7753205129128509,28
Turkey,E2021,0.0032669007371873924,0.0035630934851635463,6827572.0,2405494.0,22305.0,8571.0,5.0,5.0,0.9168720244895403,28
US,E2020,0.014125268482889865,0.015401740229543345,21403133.0,8126744.0,302325.0,125166.0,5.0,5.0,0.9171215896626425,28
US,E2021,0.006429160614259612,0.005978907055209126,34168224.0,17206322.0,219673.0,102875.0,5.0,5.0,1.0753070009105097,28
Ukraine,E2020,0.02468584497687635,0.028916102255364756,1325699.0,350808.0,32726.0,10144.0,5.0,5.0,0.8537058265623066,28
Ukraine,E2021,0.011679362269149266,0.05031973358939261,2139586.0,244735.0,24989.0,12315.0,5.0,5.0,0.23210302273164804,28
United Arab Emirates,E2020,0.0030746772501254504,0.002242303899717686,328815.0,222093.0,1011.0,498.0,5.0,5.0,1.3712134427954048,28
United Arab Emirates,E2021,0.001030417120776776,0.0006247722184620191,151395.0,134449.0,156.0,84.0,5.0,5.0,1.649268469896628,28
United Kingdom,E2020,0.023089563495776476,0.005753848264989764,3345191.0,2506844.0,77239.0,14424.0,5.0,5.0,4.0128905790353775,28
United Kingdom,E2021,0.0020021727813271852,0.005216015204705919,12209236.0,2546580.0,24445.0,13283.0,5.0,5.0,0.38385102472876487,28
Uruguay,E2020,0.010392764111533668,0.023646570661459605,186957.0,102425.0,1943.0,2422.0,5.0,5.0,0.4395040727183468,28
Uruguay,E2021,0.0032947577004701772,0.0021617857807933027,85287.0,494036.0,281.0,1068.0,5.0,5.0,1.524090744671802,28
Uzbekistan,E2021,0.004634457189201715,0.0037875451422531487,51786.0,22706.0,240.0,86.0,5.0,5.0,1.2236044760234204,28
Venezuela,E2020,0.01762455464049997,0.012226301695202783,68484.0,165054.0,1207.0,2018.0,5.0,5.0,1.441527869986661,28
Venezuela,E2021,0.005016692868877073,0.009104510290468545,113222.0,54808.0,568.0,499.0,5.0,5.0,0.5510118291731756,28
Vietnam,E2021,0.0021004254417227677,0.002790388884660564,8643487.0,1090529.0,18155.0,3043.0,5.0,5.0,0.7527357399068314,28
West Bank and Gaza,E2020,0.013249802735750637,0.011747896491506588,188833.0,62990.0,2502.0,740.0,5.0,5.0,1.127844695033693,28
West Bank and Gaza,E2021,0.004281071056901747,0.006007159859801698,202753.0,106706.0,868.0,641.0,5.0,5.0,0.712661416845176,28
Zambia,E2020,0.020340195736054445,0.012391298308004334,117403.0,71986.0,2388.0,892.0,5.0,5.0,1.6414902805556226,28
Zimbabwe,E2020,0.034567535882172165,0.04523934771173067,87857.0,28515.0,3037.0,1290.0,5.0,5.0,0.7641033222326662,28
