region,epoch,cfr_cold,cfr_warm,confirmed_cold,confirmed_warm,deaths_cold,deaths_warm,months_cold,months_warm,cfr_ratio,dpm_cold,dpm_transition,dpm_warm,dpm_ratio,lag
Alabama,E2020,0.023252272550695362,0.010220962719725708,321775.0,200079.0,7482.0,2045.0,5.0,5.0,2.2749591392032165,316644.8008802742,35380.253078843794,86546.19323712388,3.6586797066014665,14
Alabama,E2021,0.007541875323778277,0.010862860916195604,463280.0,275618.0,3494.0,2994.0,5.0,5.0,0.6942807591814032,147869.14384866055,43717.465825891915,126708.70540437599,1.1670006680026719,14
Alaska,E2020,0.004598590338662541,0.0058076539678412,46536.0,23073.0,214.0,134.0,5.0,5.0,0.7918154842086628,40917.78202676864,14149.139579349905,25621.414913957935,1.5970149253731343,14
Alaska,E2021,0.0036954374153891187,0.0036087200875558317,109324.0,67614.0,404.0,244.0,5.0,5.0,1.024029940180819,77246.65391969407,47801.14722753346,46653.919694072654,1.6557377049180328,14
Arizona,E2020,0.01814001493626912,0.01388939060072969,595865.0,166098.0,10809.0,2307.0,5.0,5.0,1.3060338972190848,50559.66920345952,4050.760803977791,10791.11452052744,4.685305591677503,14
Arizona,E2021,0.009746146872166819,0.006877364789672824,838280.0,314510.0,8170.0,2163.0,5.0,5.0,1.4171339125128,38215.60712297754,7516.827496526917,10117.546904161618,3.777161349976884,14
Arkansas,E2020,0.016135980349024782,0.015654652353568846,218208.0,139639.0,3521.0,2186.0,5.0,5.0,1.0307466422495295,164987.5825875076,29754.931821376693,102431.93852209362,1.610704483074108,14
Arkansas,E2021,0.008651671686888306,0.009980852766346594,319707.0,139968.0,2766.0,1397.0,5.0,5.0,0.8668269024125859,129609.67152429596,22163.90984489949,65460.85000702873,1.9799570508231925,14
California,E2020,0.01488415283723557,0.010324017306500826,2786991.0,771502.0,41482.0,7965.0,5.0,5.0,1.4417016550198263,527304.62195556,43028.93171302181,101248.28392739106,5.208035153797865,14
California,E2021,0.0038997226470780886,0.0036333632494716423,4183118.0,2141542.0,16313.0,7781.0,5.0,5.0,1.0733093223324643,207365.12940458636,51685.564651446584,98909.3405196522,2.0965171571777406,14
Colorado,E2020,0.00874095677657752,0.010382109768465202,353165.0,116354.0,3087.0,1208.0,5.0,5.0,0.8419249046207787,308114.5822936421,134244.934624214,120570.91526100409,2.5554635761589406,14
Colorado,E2021,0.004644282943542606,0.005187391511759824,662535.0,249451.0,3077.0,1294.0,5.0,5.0,0.895302182804982,307116.4786904881,119772.43237848088,129154.60624812856,2.3778979907264297,14
Connecticut,E2020,0.013562111295354966,0.008439366398338094,239417.0,38510.0,3247.0,325.0,5.0,5.0,1.6070058645665224,27803.942388381773,3330.992789984758,2782.9631278792963,9.990769230769232,14
Connecticut,E2021,0.00599790073474284,0.004952710564788018,333450.0,134068.0,2000.0,664.0,5.0,5.0,1.2110339694359986,17125.92694079567,1772.5334383723518,5685.8077443441625,3.0120481927710845,14
Delaware,E2021,0.006471561710652382,0.004720161834120027,114810.0,53388.0,743.0,252.0,5.0,5.0,1.3710465738424975,3172.1635179848436,781.3000320204931,1075.8885686839578,2.948412698412698,14
District of Columbia,E2021,0.001913388211326157,0.0019034897311738187,72646.0,29945.0,139.0,57.0,5.0,5.0,1.005200175230908,inf,inf,inf,,14
Florida,E2020,0.01328486250665239,0.014733890858114822,1255188.0,1099981.0,16675.0,16207.0,5.0,5.0,0.9016533809421856,654614.6900639894,146429.55285989086,636242.2957641424,1.0288764114271611,14
Florida,E2021,0.005905590759605358,0.010417909926887575,2194192.0,1432725.0,12958.0,14926.0,5.0,5.0,0.5668690554103971,508695.48149020533,137753.69999607428,585953.7549562282,0.8681495377194157,14
Georgia,E2020,0.015232741521385085,0.013286792990454481,698758.0,350950.0,10644.0,4663.0,5.0,5.0,1.146457352976645,525707.5122240332,116955.59836025091,230305.72430483528,2.282650654085353,14
Georgia,E2021,0.008800029583815804,0.0103199252201182,865338.0,530624.0,7615.0,5476.0,5.0,5.0,0.8527222238646233,376105.10199041833,143527.43616338223,270459.8212080802,1.3906135865595324,14
Hawaii,E2021,0.0026392643290325465,0.004007002892906294,156483.0,106813.0,413.0,428.0,5.0,5.0,0.6586629457405453,inf,inf,inf,,14
Idaho,E2020,0.010756676557863502,0.01219679633867277,115928.0,43700.0,1247.0,533.0,5.0,5.0,0.881926389453349,122326.85893662939,30017.65744555621,52285.658230331566,2.3395872420262664,14
Idaho,E2021,0.007640190283984431,0.011615148878211192,152614.0,79293.0,1166.0,921.0,5.0,5.0,0.6577780762084446,114381.0084363351,53953.3058661958,90347.26309593879,1.2660152008686212,14
Illinois,E2020,0.01543045125948326,0.01238603270269066,828038.0,246891.0,12777.0,3058.0,5.0,5.0,1.245794487215527,332223.92677916744,68332.50994565642,79513.2478743597,4.178221059516024,14
Illinois,E2021,0.006424531964942264,0.004014244983724173,1372707.0,653423.0,8819.0,2623.0,5.0,5.0,1.6004334541092142,229309.13440287058,27223.796770586858,68202.5013650901,3.362180709111704,14
Indiana,E2020,0.01576688048049943,0.012039228123246567,507139.0,163964.0,7996.0,1974.0,5.0,5.0,1.3096255274086162,235425.74490637146,45518.78459545401,58120.36273701566,4.050658561296859,14
Indiana,E2021,0.009640547653973253,0.007368364797520274,666041.0,299388.0,6421.0,2206.0,5.0,5.0,1.3083700276644354,189053.1150630079,29148.510187257096,64951.12472029207,2.9106980961015414,14
Iowa,E2020,0.017371641871399602,0.00968583524706691,222892.0,64011.0,3872.0,620.0,5.0,5.0,1.7935099481131611,308231.17338003503,49434.803375258714,49355.19821684445,6.245161290322581,14
Iowa,E2021,0.0084786528158748,0.006736675252625322,272331.0,126175.0,2309.0,850.0,5.0,5.0,1.2585811988741211,183808.31077853846,39643.36889030409,67664.38465212546,2.7164705882352944,14
Kansas,E2020,0.016983021593358162,0.013284729620454632,216687.0,77909.0,3680.0,1035.0,5.0,5.0,1.2783866949922136,22245.192801745765,3137.2975717679487,6256.460475490996,3.555555555555556,14
Kansas,E2021,0.005621766141689992,0.005682571110089097,335126.0,128287.0,1884.0,729.0,5.0,5.0,0.9892997435102662,11388.571532198102,4122.614535540927,4406.7243349110495,2.5843621399176953,14
Kentucky,E2020,0.014474890273011383,0.010843200667675135,319657.0,153368.0,4627.0,1663.0,5.0,5.0,1.3349278240476306,173075.48440188525,27680.107727986833,62205.431286002844,2.7823211064341553,14
Kentucky,E2021,0.008752550184458937,0.006792522388288967,567606.0,325505.0,4968.0,2211.0,5.0,5.0,1.2885566928052041,185830.77728734945,59325.20386025286,82703.6732251066,2.2469470827679787,14
Louisiana,E2020,0.016040482569574577,0.01286601412133673,258284.0,239779.0,4143.0,3085.0,5.0,5.0,1.2467328590113524,297971.8066743383,46029.91944764097,221878.59608745686,1.3429497568881683,14
Louisiana,E2021,0.0052937961941213335,0.007235838683361118,473951.0,253737.0,2509.0,1836.0,5.0,5.0,0.7316078240238371,180451.66858457998,35241.65707710011,132048.33141542002,1.366557734204793,14
Maine,E2021,0.0079524978902312,0.006633115443203949,131531.0,51861.0,1046.0,344.0,5.0,5.0,1.1989084101316287,5037.540755438473,972.832918354275,1656.7055639300524,3.0406976744186043,14
Maryland,E2020,0.015785734957510063,0.02239811129439896,266063.0,66077.0,4200.0,1480.0,5.0,5.0,0.7047797356671571,80342.79592929834,13122.656668452062,28311.270946514654,2.8378378378378377,14
Maryland,E2021,0.007398219013023439,0.005394066526820497,450649.0,226916.0,3334.0,1224.0,5.0,5.0,1.3715476025810676,63776.87657816206,9985.461779784222,23414.186242252657,2.723856209150327,14
Massachusetts,E2020,0.010765108887975782,0.009451911115447471,477004.0,81994.0,5135.0,775.0,5.0,5.0,1.1389346298847565,6182.114126522052,748.8364141571016,933.0357250349738,6.625806451612903,14
Massachusetts,E2021,0.0053351345415126135,0.005179379740131699,846839.0,300229.0,4518.0,1555.0,5.0,5.0,1.030072095346489,5439.297297687757,654.9308831213235,1872.0910353927538,2.9054662379421226,14
Michigan,E2020,0.016974378125313102,0.01694824169549592,548945.0,148865.0,9318.0,2523.0,5.0,5.0,1.001542132233347,277065.8023847046,91938.98486515417,75020.07076804139,3.693222354340071,14
Michigan,E2021,0.010381888822367132,0.007341051380449355,1112418.0,434134.0,11549.0,3187.0,5.0,5.0,1.4142236968966213,343403.4075703964,51351.43171478695,94763.75962653504,3.623784122999686,14
Minnesota,E2020,0.01111958540062578,0.00914577816099033,371057.0,97422.0,4126.0,891.0,5.0,5.0,1.2158162164980526,424966.5259038006,104748.17179936141,91770.52219590072,4.630751964085297,14
Minnesota,E2021,0.005588785046728972,0.004824521098403522,642000.0,239402.0,3588.0,1155.0,5.0,5.0,1.158412396326415,369554.0220414049,78071.89205891441,118961.78803172315,3.1064935064935066,14
Mississippi,E2020,0.0193636275177581,0.016000057117562222,184986.0,140062.0,3582.0,2241.0,5.0,5.0,1.2102223995503059,120646.68238464129,17918.49107443584,75479.95958235096,1.5983935742971886,14
Mississippi,E2021,0.007697078280044101,0.00743062950953059,290240.0,167146.0,2234.0,1242.0,5.0,5.0,1.035858169240138,75244.18996295049,10643.314247221286,41832.26675648367,1.7987117552334944,14
Missouri,E2020,0.014385063624758061,0.013574912633254591,388528.0,215471.0,5589.0,2925.0,5.0,5.0,1.0596800151419639,305593.52616326755,65777.2431516212,159932.19968286948,1.910769230769231,14
Missouri,E2021,0.013524930523848386,0.008191414496833216,556306.0,248675.0,7524.0,2037.0,5.0,5.0,1.6511105046725563,411394.82749193505,28432.391054732354,111378.42418940346,3.6936671575846836,14
Montana,E2020,0.014104333040654485,0.013965087281795512,71751.0,24060.0,1012.0,336.0,5.0,5.0,1.0099709909468657,6274.023558586485,2238.0657160570368,2083.07501549907,3.011904761904762,14
Montana,E2021,0.008075857219671589,0.007445409590132054,96708.0,53993.0,781.0,402.0,5.0,5.0,1.0846760170689753,4841.909485430874,2969.6218226906385,2492.250464972102,1.9427860696517412,14
Nebraska,E2020,0.010287561141010287,0.006021565607057835,138614.0,35705.0,1426.0,215.0,5.0,5.0,1.7084528862314992,104247.38650486147,20469.332553549237,15717.52321076102,6.632558139534884,14
Nebraska,E2021,0.005923599558450846,0.01090065820534896,192957.0,72014.0,1143.0,785.0,5.0,5.0,0.5434166861175531,83558.73967395278,15059.580378682653,57387.23590905768,1.4560509554140129,14
Nevada,E2020,0.016970359751922404,0.017086854296156622,203001.0,85914.0,3445.0,1468.0,5.0,5.0,0.993182212347862,359603.3402922756,41127.34864300626,153235.90814196243,2.3467302452316074,14
Nevada,E2021,0.009799463830375428,0.00823352807002723,274913.0,153883.0,2694.0,1267.0,5.0,5.0,1.1901901283422744,281210.85594989563,72338.20459290188,132254.69728601252,2.126282557221784,14
New Hampshire,E2021,0.004950029394473839,0.005193367813890131,170100.0,46983.0,842.0,244.0,5.0,5.0,0.9531443895105097,19515.13465906457,3291.150975756733,5655.21716961016,3.4508196721311477,14
New Jersey,E2020,0.012839936483454426,0.012065074974523221,658726.0,109904.0,8458.0,1326.0,5.0,5.0,1.0642235137839933,80348.06729554372,12188.055135987537,12596.54022628174,6.378582202111614,14
New Jersey,E2021,0.005145420575687638,0.0035137137380138205,1000890.0,477842.0,5150.0,1679.0,5.0,5.0,1.4643824054364099,48923.21430267795,6839.750349112257,15949.917827999278,3.0673019654556284,14
New Mexico,E2020,0.019206128325594853,0.01580946514731547,145162.0,38964.0,2788.0,616.0,5.0,5.0,1.2148499741533731,36355.1011892343,5268.099311495932,8032.547465053202,4.525974025974026,14
New Mexico,E2021,0.009194350687618742,0.010768710405792067,242649.0,109391.0,2231.0,1178.0,5.0,5.0,0.8538023905511899,29091.904861256,5959.21134988525,15360.943041936156,1.8938879456706283,14
New York,E2020,0.0127106598686477,0.009810731370402202,1361377.0,254823.0,17304.0,2500.0,5.0,5.0,1.295587391883365,694577.1284068559,82848.31212619918,100349.21526913659,6.921600000000001,14
New York,E2021,0.004580175859378175,0.0041338145618084274,2436151.0,968355.0,11158.0,4003.0,5.0,5.0,1.1079780650282671,447878.61758921045,62658.05001404889,160679.16348894153,2.7874094429178116,14
North Carolina,E2020,0.011835864749951915,0.011499884610605172,639497.0,281655.0,7569.0,3239.0,5.0,5.0,1.02921595743986,418894.23875145277,79528.47418230117,179257.2914937185,2.336832355665329,14
North Carolina,E2021,0.004274001430744335,0.006111942932395475,1151848.0,643167.0,4923.0,3931.0,5.0,5.0,0.6992868680253221,272455.58691681887,124799.38015385467,217554.92833028943,1.2523530908165863,14
North Dakota,E2020,0.013467722416237336,0.013146320007819373,57842.0,20462.0,779.0,269.0,5.0,5.0,1.0244480895206258,20724.148022027723,10375.375774827742,7156.348931868366,2.895910780669145,14
North Dakota,E2021,0.004172507446994918,0.0022611644997173543,91312.0,38918.0,381.0,88.0,5.0,5.0,1.8452914184335028,10135.944026177871,4123.546782303333,2341.110431243183,4.329545454545454,14
Ohio,E2020,0.01663488674584003,0.015388473971686545,801869.0,179420.0,13339.0,2761.0,5.0,5.0,1.0809965157329295,612667.6465184641,90988.42550064303,126814.2568436524,4.831220572256429,14
Ohio,E2021,0.0103585537227466,0.006908497690446514,1127474.0,545560.0,11679.0,3769.0,5.0,5.0,1.4993930933886004,536422.9285320595,102195.48043358442,173112.25427154143,3.09869992040329,14
Oklahoma,E2020,0.016344982932569453,0.011784830342342888,316978.0,132119.0,5181.0,1557.0,5.0,5.0,1.3869510597740164,256345.55440106872,27955.073969620502,77037.25693929048,3.327552986512524,14
Oklahoma,E2021,0.00978216193999178,0.013148390473697985,389280.0,191050.0,3808.0,2512.0,5.0,5.0,0.7439817032784354,188412.2507545396,110385.43367473158,124288.75364900302,1.5159235668789808,14
Oregon,E2020,0.01407266156497989,0.010247173632098991,120091.0,98271.0,1690.0,1007.0,5.0,5.0,1.373321275722084,15779.645191409898,2651.7273576097105,9402.427637721756,1.6782522343594837,14
Oregon,E2021,0.007894449703478926,0.0075164764202009455,339099.0,210604.0,2677.0,1583.0,5.0,5.0,1.0502859667412987,24995.331465919702,6928.104575163398,14780.578898225956,1.6910928616550853,14
Pennsylvania,E2020,0.019798702239251967,0.014238861350595345,821569.0,174101.0,16266.0,2479.0,5.0,5.0,1.3904694871141616,36222.49241746055,4558.4312048777665,5520.445020465062,6.561516740621218,14
Pennsylvania,E2021,0.010053989482005867,0.007714323013426256,1200419.0,497905.0,12069.0,3841.0,5.0,5.0,1.303288631355931,26876.260972970085,5364.563152198602,8553.460800163899,3.142150481645405,14
Puerto Rico,E2020,0.017195767195767195,0.016816474659239567,73332.0,47394.0,1261.0,797.0,5.0,5.0,1.0225548186652327,29993.102300026163,10180.05375448945,18956.782341888065,1.5821831869510665,14
Puerto Rico,E2021,0.003134637234215225,0.0024523950548827364,295728.0,396755.0,927.0,973.0,5.0,5.0,1.2781942403505258,22048.85474395262,2973.1465404466853,23142.972670837,0.9527235354573483,14
Rhode Island,E2021,0.0035027521624133246,0.0027761035924972147,181857.0,54753.0,637.0,152.0,5.0,5.0,1.2617512443987944,5072.584947880583,437.97829220319005,1210.412734816089,4.190789473684211,14
South Carolina,E2020,0.013850001866577071,0.012059619135888952,375018.0,185578.0,5194.0,2238.0,5.0,5.0,1.148460968005201,18485.36723385022,2989.5472615391186,7965.0080611006515,2.3208221626452192,14
South Carolina,E2021,0.006506266331341464,0.006867261912153687,570988.0,322108.0,3715.0,2212.0,5.0,5.0,0.9474323849257398,13221.628662640269,3701.344228572242,7872.474455386346,1.6794755877034357,14
South Dakota,E2021,0.007467292773548598,0.005724133686218994,82627.0,32494.0,617.0,186.0,5.0,5.0,1.3045280181918717,223875.18142235122,42815.67489114659,67489.11465892597,3.317204301075269,14
Tennessee,E2020,0.014755744063723535,0.010198998250607267,548871.0,258947.0,8099.0,2641.0,5.0,5.0,1.4467836645471481,55987.612075461264,9187.249839274975,18256.980305135596,3.066641423703143,14
Tennessee,E2021,0.012823969509708415,0.0066311020367601555,738071.0,442762.0,9465.0,2936.0,5.0,5.0,1.9339122575127785,65430.63937452042,7016.597883268698,20296.28707909054,3.2237738419618527,14
Texas,E2020,0.015215769912799342,0.014680306172178848,1899871.0,837176.0,28908.0,12290.0,5.0,5.0,1.0364749709127503,2441554.054054054,371368.24324324325,1038006.7567567568,2.3521562245728234,14
Texas,E2021,0.006121163463670346,0.006973044823603757,2440059.0,1468512.0,14936.0,10240.0,5.0,5.0,0.8778322265977995,1261486.4864864864,398564.1891891892,864864.8648648649,1.45859375,14
Utah,E2020,0.005354539919183719,0.006679237567303542,270985.0,88034.0,1451.0,588.0,5.0,5.0,0.8016693320500331,5576.201035305692,1068.3555395003325,2259.6872562093363,2.4676870748299318,14
Utah,E2021,0.003674214368849857,0.003787031760573032,378040.0,138631.0,1389.0,525.0,5.0,5.0,0.9702095469867135,5337.934691963891,1237.4477831622555,2017.5779073297645,2.645714285714286,14
Vermont,E2021,0.0030085809962327333,0.005381247719810288,76448.0,21928.0,230.0,118.0,5.0,5.0,0.5590861363168761,4177.109440267335,1380.2622498274673,2143.0387563110676,1.9491525423728815,14
Virginia,E2020,0.015329407518742033,0.013120530470852352,437786.0,134522.0,6711.0,1765.0,5.0,5.0,1.1683527242131533,98286.46748681898,13166.373755125953,25849.44346807264,3.8022662889518415,14
Virginia,E2021,0.007615707144009031,0.005822469355724175,744120.0,438989.0,5667.0,2556.0,5.0,5.0,1.3079857838190063,82996.48506151143,19112.478031634448,37434.09490333919,2.217136150234742,14
Washington,E2020,0.011289902947831503,0.009318126947264345,253678.0,173962.0,2864.0,1621.0,5.0,5.0,1.2116064753921432,11416.13485707908,2240.177300865378,6461.436663172202,1.7668106107341148,14
Washington,E2021,0.005011400765352642,0.006605508437894317,729337.0,381197.0,3655.0,2518.0,5.0,5.0,0.7586699513701872,14569.124616838002,3738.9436089176597,10036.95096722246,1.4515488482922956,14
West Virginia,E2020,0.01780385067958185,0.014704835993643715,117278.0,42163.0,2088.0,620.0,5.0,5.0,1.2107479938761443,102383.05383936453,13484.35814455232,30401.098362263412,3.367741935483871,14
West Virginia,E2021,0.009683133765766726,0.009415341334482836,225237.0,132231.0,2181.0,1245.0,5.0,5.0,1.028442137334217,106943.21859370403,32558.595665391782,61047.36687260959,1.7518072289156628,14
Wisconsin,E2020,0.0117110193584682,0.011093449621757475,398172.0,120161.0,4663.0,1333.0,5.0,5.0,1.0556697652909957,63877.58736421047,18876.970917409828,18260.524116768724,3.4981245311327833,14
Wisconsin,E2021,0.006693198520780361,0.0038689457542263116,702803.0,298014.0,4704.0,1153.0,5.0,5.0,1.729979934060571,64439.238893683476,9000.123289360128,15794.736914204304,4.079791847354727,14
Wyoming,E2021,0.009457376001203324,0.006904931247036511,53186.0,33744.0,503.0,233.0,5.0,5.0,1.3696553467150427,72614.40739136712,33780.85751407536,33636.494875126315,2.158798283261803,14
Alabama,E2020,0.022842048014917255,0.013839533384313197,321775.0,200079.0,7350.0,2769.0,5.0,5.0,1.650492641667255,311058.44513098313,38173.430953489355,117186.50810444793,2.654387865655471,21
Alabama,E2021,0.007459851493697116,0.009204768919301352,463280.0,275618.0,3456.0,2537.0,5.0,5.0,0.8104333263657121,146260.9505268949,36776.84201616658,107368.06466629989,1.3622388648009458,21
Alaska,E2020,0.004942410177067217,0.0058076539678412,46536.0,23073.0,230.0,134.0,5.0,5.0,0.8510166419065067,43977.055449330786,13575.525812619502,25621.414913957935,1.7164179104477613,21
Alaska,E2021,0.003530789213713366,0.004303842399503061,109324.0,67614.0,386.0,291.0,5.0,5.0,0.8203806938007406,73804.97131931166,39579.349904397706,55640.53537284895,1.3264604810996563,21
Arizona,E2020,0.018027573359737526,0.014623896735662079,595865.0,166098.0,10742.0,2429.0,5.0,5.0,1.2327475833288117,50246.273159733755,4373.511953486414,11361.775973281818,4.422396047756279,21
Arizona,E2021,0.00943837381304576,0.007163524212266701,838280.0,314510.0,7912.0,2253.0,5.0,5.0,1.3175601189263302,37008.79847698878,7376.5009097840375,10538.526664390258,3.511762094984465,21
Arkansas,E2020,0.01544856283912597,0.01605568644862825,218208.0,139639.0,3371.0,2242.0,5.0,5.0,0.9621863810404601,157958.85853521392,32285.272480202428,105055.9955016166,1.5035682426404997,21
Arkansas,E2021,0.008604753727631862,0.009487882944673069,319707.0,139968.0,2751.0,1328.0,5.0,5.0,0.9069203085460666,128906.79911906659,21086.172156881123,62227.63694297362,2.0715361445783134,21
California,E2020,0.014894558324730866,0.010804897459760312,2786991.0,771502.0,41511.0,8336.0,5.0,5.0,1.3785006641850421,527673.259775258,39990.847612752324,105964.30568973407,4.979726487523992,21
California,E2021,0.0038260933590685228,0.003641768407997602,4183118.0,2141542.0,16005.0,7799.0,5.0,5.0,1.0506141331409569,203449.9415264148,48227.996135658716,99138.15020084406,2.0521861777150914,21
Colorado,E2020,0.007747087055625558,0.012126785499424171,353165.0,116354.0,2736.0,1411.0,5.0,5.0,0.6388409406592885,273081.14582293644,159796.38686495658,140832.41840503045,1.93905031892275,21
Colorado,E2021,0.004280528575848823,0.005536157401654032,662535.0,249451.0,2836.0,1381.0,5.0,5.0,0.7731948832542106,283062.1818544765,124363.70895298933,137838.1075955684,2.053584359160029,21
Connecticut,E2020,0.013361624278977684,0.008750973773045963,239417.0,38510.0,3199.0,337.0,5.0,5.0,1.52687285158288,27392.920141802675,3819.0817077974343,2885.7186895240707,9.492581602373887,21
Connecticut,E2021,0.005925925925925926,0.004930333860429036,333450.0,134068.0,1976.0,661.0,5.0,5.0,1.2019319773631423,16920.415817506124,1960.9186347211044,5660.118853932969,2.9894099848714073,21
Delaware,E2021,0.006419301454577127,0.0050011238480557425,114810.0,53388.0,737.0,267.0,5.0,5.0,1.2835717829848827,3146.5471234923684,670.295655886434,1139.9295549151457,2.7602996254681647,21
District of Columbia,E2021,0.0018858574456955648,0.0018367006177992986,72646.0,29945.0,137.0,55.0,5.0,5.0,1.026763658388249,inf,inf,inf,,21
Florida,E2020,0.01329362613409306,0.016673924367784535,1255188.0,1099981.0,16686.0,18341.0,5.0,5.0,0.7972703870348301,655046.5198445413,139166.9610960625,720017.2731912221,0.9097650073605583,21
Florida,E2021,0.00579165360187258,0.009349316861225986,2194192.0,1432725.0,12708.0,13395.0,5.0,5.0,0.6194734532842772,498881.16829584265,118360.61712401366,525850.9009539513,0.9487122060470323,21
Georgia,E2020,0.015241328185151368,0.015426698959965807,698758.0,350950.0,10650.0,5414.0,5.0,5.0,0.9879837692240252,526003.8524225812,112757.44554748852,267397.6391564182,1.9671222755818252,21
Georgia,E2021,0.008663666682845315,0.01018988963936799,865338.0,530624.0,7497.0,5407.0,5.0,5.0,0.8502218364930854,370277.0780856423,114387.31663950215,267051.908924779,1.3865359718882928,21
Hawaii,E2021,0.0025881405647897853,0.003735500360443017,156483.0,106813.0,405.0,399.0,5.0,5.0,0.6928497697917076,inf,inf,inf,,21
Idaho,E2020,0.010187357670278103,0.015583524027459954,115928.0,43700.0,1181.0,681.0,5.0,5.0,0.6537261823658636,115852.4622326859,34628.212674122035,66804.00235432608,1.7342143906020557,21
Idaho,E2021,0.00702425727652771,0.011892600860101145,152614.0,79293.0,1072.0,943.0,5.0,5.0,0.5906409673676688,105159.89797920345,47773.199921522464,92505.39533058662,1.136797454931071,21
Illinois,E2020,0.014571795014238477,0.013260912710467372,828038.0,246891.0,12066.0,3274.0,5.0,5.0,1.098853098002551,313736.7066226371,84869.60139369198,85129.61855482461,3.6854001221747104,21
Illinois,E2021,0.00633492799264519,0.003998940961674137,1372707.0,653423.0,8696.0,2613.0,5.0,5.0,1.5841514174275537,226110.92332093918,25793.702384357366,67942.48420395746,3.327975507079985,21
Indiana,E2020,0.01488940901804042,0.014253128735576102,507139.0,163964.0,7551.0,2337.0,5.0,5.0,1.044641446398793,222323.6367918973,54528.32410787893,68808.1498056766,3.231065468549422,21
Indiana,E2021,0.00944086024734213,0.007157935521797801,666041.0,299388.0,6288.0,2143.0,5.0,5.0,1.318936195861533,185137.20409845718,27794.13496643505,63096.21952655753,2.9342043863742417,21
Iowa,E2020,0.0166358595194085,0.010560684882285858,222892.0,64011.0,3708.0,676.0,5.0,5.0,1.5752633190781915,295175.9274000955,58350.581117656424,53813.08708804331,5.485207100591715,21
Iowa,E2021,0.008232628676133088,0.007346938775510204,272331.0,126175.0,2242.0,927.0,5.0,5.0,1.1205522364736704,178474.76516478267,38290.081197261585,73793.98185002388,2.418554476806904,21
Kansas,E2020,0.016350773235127163,0.01556944640542171,216687.0,77909.0,3543.0,1213.0,5.0,5.0,1.0501833404579737,21417.042961028597,3391.182924396569,7332.450779488481,2.9208573784006595,21
Kansas,E2021,0.005633701950908017,0.004256082065992657,335126.0,128287.0,1888.0,546.0,5.0,5.0,1.3236826413482359,11412.751089591306,4388.589666866148,3300.5095841720617,3.457875457875458,21
Kentucky,E2020,0.014359141204478551,0.012538469563403057,319657.0,153368.0,4590.0,1923.0,5.0,5.0,1.145206847763113,171691.4790154859,27867.13548290566,71930.874541782,2.3868954758190326,21
Kentucky,E2021,0.008241632399939395,0.006721862951413957,567606.0,325505.0,4678.0,2188.0,5.0,5.0,1.2260934891875104,174983.1675020573,62990.94785666193,81843.34555248,2.1380255941499082,21
Louisiana,E2020,0.015808180142788557,0.014359055630392987,258284.0,239779.0,4083.0,3443.0,5.0,5.0,1.1009206001910246,293656.501726122,47108.74568469505,247626.58227848102,1.1858844031367994,21
Louisiana,E2021,0.005213619129403673,0.006179626936552414,473951.0,253737.0,2471.0,1568.0,5.0,5.0,0.8436786205596299,177718.6421173763,28481.01265822785,112773.30264672037,1.575892857142857,21
Maine,E2021,0.007648387072249127,0.006498139256859683,131531.0,51861.0,1006.0,337.0,5.0,5.0,1.17701187523416,4844.900573586141,1078.7850183730573,1622.9935321058942,2.9851632047477743,21
Maryland,E2020,0.015748149874277896,0.02286726092286272,266063.0,66077.0,4190.0,1511.0,5.0,5.0,0.6886767036682069,80151.50355803811,13868.696916366975,28904.27729742138,2.772998014559894,21
Maryland,E2021,0.007316115202740936,0.0055130532884415375,450649.0,226916.0,3297.0,1251.0,5.0,5.0,1.3270532352878994,63069.0948044992,9239.42153186931,23930.67564465529,2.6354916067146283,21
Massachusetts,E2020,0.010664480800999573,0.009927555674805473,477004.0,81994.0,5087.0,814.0,5.0,5.0,1.0742302687925787,6124.326107423112,823.4792721598994,979.9884905528628,6.24938574938575,21
Massachusetts,E2021,0.005278453165241563,0.0050428173161153654,846839.0,300229.0,4470.0,1514.0,5.0,5.0,1.0467270246679719,5381.509278588816,728.3698240595602,1822.7304357457424,2.9524438573315717,21
Michigan,E2020,0.016859612529488383,0.016256339636583482,548945.0,148865.0,9255.0,2420.0,5.0,5.0,1.0371100079348299,275192.5307008415,100443.04362046921,71957.42023728108,3.824380165289256,21
Michigan,E2021,0.009972869910411374,0.0077971317611613,1112418.0,434134.0,11094.0,3385.0,5.0,5.0,1.2790433990211318,329874.2231869406,58011.95325741132,100651.18491867623,3.2774002954209744,21
Minnesota,E2020,0.010416189426422355,0.009956683295354232,371057.0,97422.0,3865.0,970.0,5.0,5.0,1.04615052195971,398084.2517252034,128540.52940570605,99907.30250283242,3.984536082474227,21
Minnesota,E2021,0.005394080996884735,0.00503755190015121,642000.0,239402.0,3463.0,1206.0,5.0,5.0,1.0707742776253726,356679.36965701927,80852.8169739417,124214.64620455248,2.871475953565506,21
Mississippi,E2020,0.018952785616208796,0.017599348859790663,184986.0,140062.0,3506.0,2465.0,5.0,5.0,1.0769026608427734,118086.89794543617,18524.755810037048,83024.58740316605,1.4223123732251521,21
Mississippi,E2021,0.007590270121278941,0.006341761095090519,290240.0,167146.0,2203.0,1060.0,5.0,5.0,1.196871028010651,74200.0673627484,9599.191647019199,35702.2566520714,2.078301886792453,21
Missouri,E2020,0.014050467405180579,0.014540239753841585,388528.0,215471.0,5459.0,3133.0,5.0,5.0,0.9663160747723155,298485.42839958443,70424.84553556783,171305.15610476243,1.742419406319821,21
Missouri,E2021,0.013359553914572195,0.0066713581984517946,556306.0,248675.0,7432.0,1659.0,5.0,5.0,2.002523851540832,406364.4813822516,41883.09913062496,90710.26299961726,4.479807112718505,21
Montana,E2020,0.013337793201488481,0.017165419783873648,71751.0,24060.0,957.0,413.0,5.0,5.0,0.7770152649583847,5933.044017358959,2300.0619962802234,2560.446373217607,2.317191283292978,21
Montana,E2021,0.007393390412375398,0.008612227510973645,96708.0,53993.0,715.0,465.0,5.0,5.0,0.8584759753449136,4432.734035957843,2672.039677619343,2882.8270303781774,1.5376344086021507,21
Nebraska,E2020,0.009551704734009552,0.0074779442655090326,138614.0,35705.0,1324.0,267.0,5.0,5.0,1.2773169195798166,96790.70107463996,24563.199064259083,19518.970684991593,4.958801498127341,21
Nebraska,E2021,0.005633379457599361,0.011081178659705057,192957.0,72014.0,1087.0,798.0,5.0,5.0,0.508373669498196,79464.87316324293,16521.675561079028,58337.59777761532,1.362155388471178,21
Nevada,E2020,0.01663538603258112,0.0182391694019601,203001.0,85914.0,3377.0,1567.0,5.0,5.0,0.9120692760709472,352505.2192066806,46242.171189979126,163569.93736951984,2.1550733886407145,21
Nevada,E2021,0.010065002382571941,0.008090562310326677,274913.0,153883.0,2767.0,1245.0,5.0,5.0,1.2440423788251551,288830.89770354907,56889.352818371604,129958.24634655533,2.2224899598393573,21
New Hampshire,E2021,0.004761904761904762,0.005321073579805461,170100.0,46983.0,810.0,250.0,5.0,5.0,0.8949142857142858,18773.466833541926,3847.401844898716,5794.279886895657,3.2399999999999998,21
New Jersey,E2020,0.012941647968958261,0.01224705197263066,658726.0,109904.0,8525.0,1346.0,5.0,5.0,1.0567153628383275,80984.54406414166,12349.549241452687,12786.533291534859,6.333580980683507,21
New Jersey,E2021,0.005104457033240416,0.0034509314794429957,1000890.0,477842.0,5109.0,1649.0,5.0,5.0,1.4791534006535276,48533.72851890906,6611.7586708085155,15664.9282301196,3.09824135839903,21
New Mexico,E2020,0.01839324341080999,0.01714403038702392,145162.0,38964.0,2670.0,668.0,5.0,5.0,1.0728657728425155,34816.3989150845,6663.363238055497,8710.61965366159,3.9970059880239526,21
New Mexico,E2021,0.008955322296815565,0.010348200491813769,242649.0,109391.0,2173.0,1132.0,5.0,5.0,0.86539899414395,28335.59357396203,6898.080534112247,14761.109952013352,1.9196113074204948,21
New York,E2020,0.012784849457571268,0.00989706580646174,1361377.0,254823.0,17405.0,2522.0,5.0,5.0,1.291781797512563,698631.236703729,82808.17244009151,101232.288363505,6.901268834258525,21
New York,E2021,0.004522708157252978,0.004080115246991031,2436151.0,968355.0,11018.0,3951.0,5.0,5.0,1.1084755903864105,442259.0615341388,66150.20270541485,158591.89981134346,2.788661098456087,21
North Carolina,E2020,0.011688874224585885,0.012916511334789015,639497.0,281655.0,7475.0,3638.0,5.0,5.0,0.904955983981786,413691.95860313246,80303.28186396591,201339.31042116333,2.0547003848268277,21
North Carolina,E2021,0.004137698724137212,0.005777659612511214,1151848.0,643167.0,4766.0,3716.0,5.0,5.0,0.7161548103625293,263766.67220100726,119818.47362886713,205656.09607615252,1.2825618945102262,21
North Dakota,E2020,0.011669720964005394,0.01554100283452253,57842.0,20462.0,675.0,318.0,5.0,5.0,0.7508988376272905,17957.38114874032,11705.552156215914,8459.921785628774,2.1226415094339623,21
North Dakota,E2021,0.003756351848606974,0.0028521506757798448,91312.0,38918.0,343.0,111.0,5.0,5.0,1.3170243355323084,9125.00997632286,4043.7361994200432,2952.991566681742,3.0900900900900905,21
Ohio,E2020,0.01596395421197228,0.01854865678296734,801869.0,179420.0,12801.0,3328.0,5.0,5.0,0.8606528439639621,587957.0090023883,111106.00771633291,152856.88039684,3.846454326923076,21
Ohio,E2021,0.009953222868110484,0.0069983136593591904,1127474.0,545560.0,11222.0,3818.0,5.0,5.0,1.4222316050095223,515432.66580929636,98291.38342825648,175362.85136873048,2.9392352016762704,21
Oklahoma,E2020,0.01606420634870559,0.01350297837555537,316978.0,132119.0,5092.0,1784.0,5.0,5.0,1.1896787436012521,251942.01177576568,30478.45232794023,88268.76453416457,2.8542600896860986,21
Oklahoma,E2021,0.009425092478421701,0.018094739596964147,389280.0,191050.0,3669.0,3457.0,5.0,5.0,0.5208747231710922,181534.8077779427,60956.90465588046,171045.47028845677,1.0613248481342206,21
Oregon,E2020,0.013722926780524768,0.011366527256260748,120091.0,98271.0,1648.0,1117.0,5.0,5.0,1.2073104186651293,15387.4883286648,3081.2324929971987,10429.505135387488,1.47538048343778,21
Oregon,E2021,0.0075582646955608835,0.007525972915993998,339099.0,210604.0,2563.0,1585.0,5.0,5.0,1.0042907116365327,23930.90569561158,6984.126984126984,14799.253034547151,1.6170347003154575,21
Pennsylvania,E2020,0.019535790663961276,0.014554769932395564,821569.0,174101.0,16050.0,2534.0,5.0,5.0,1.3422260025202533,35741.485509666905,5253.218960579702,5642.923631245852,6.333859510655091,21
Pennsylvania,E2021,0.009708276859996385,0.00820035950633153,1200419.0,497905.0,11654.0,4083.0,5.0,5.0,1.1838842983043105,25952.104182533214,5409.100828846163,9092.366687599375,2.854273818270879,21
Puerto Rico,E2020,0.016718485790650738,0.01658437776933789,73332.0,47394.0,1226.0,786.0,5.0,5.0,1.0080864065675588,29160.621268701092,11202.816164403112,18695.14544632876,1.559796437659033,21
Puerto Rico,E2021,0.0031380187199047775,0.00228100465022495,295728.0,396755.0,928.0,905.0,5.0,5.0,1.375717809078254,22072.63991627619,3805.6275717717576,21525.580952834003,1.025414364640884,21
Rhode Island,E2021,0.0034422650764061873,0.0028126312713458623,181857.0,54753.0,626.0,154.0,5.0,5.0,1.2238593488861556,4984.989289439945,517.6107089674065,1226.3392181689321,4.0649350649350655,21
South Carolina,E2020,0.013575348383277603,0.014290487018935434,375018.0,185578.0,5091.0,2652.0,5.0,5.0,0.9499570144313315,18118.791795828158,3106.993761099584,9438.427782859217,1.919683257918552,21
South Carolina,E2021,0.006371412358928734,0.006283606740596322,570988.0,322108.0,3638.0,2024.0,5.0,5.0,1.0139737609238224,12947.586830332515,2993.106246374284,7203.385306375209,1.7974308300395256,21
South Dakota,E2021,0.007213138562455371,0.0062473071951744934,82627.0,32494.0,596.0,203.0,5.0,5.0,1.154599627824753,216255.442670537,39550.07256894049,73657.47460087083,2.935960591133005,21
Tennessee,E2020,0.014307551318980235,0.011728268719081511,548871.0,258947.0,7853.0,3037.0,5.0,5.0,1.2199201486321944,54287.0376131124,10327.879051826043,20994.490415258162,2.5857754362858083,21
Tennessee,E2021,0.012627511445375852,0.0063962128637958995,738071.0,442762.0,9320.0,2832.0,5.0,5.0,1.9742168865033556,64428.268248339176,6484.304250744865,19577.34502996744,3.290960451977401,21
Texas,E2020,0.014917328597573203,0.016494739457413973,1899871.0,837176.0,28341.0,13809.0,5.0,5.0,0.904368852632482,2393665.5405405406,402280.4054054054,1166300.6756756757,2.052357158374973,21
Texas,E2021,0.005937971172008546,0.006590344511995816,2440059.0,1468512.0,14489.0,9678.0,5.0,5.0,0.9010107379364138,1223733.1081081082,329391.8918918919,817398.6486486486,1.4971068402562513,21
Utah,E2020,0.0051294352085908814,0.007451666401617557,270985.0,88034.0,1390.0,656.0,5.0,5.0,0.6883608218797098,5341.777697501662,1314.307893917675,2521.0116327777628,2.1189024390243905,21
Utah,E2021,0.003470532218812824,0.003787031760573032,378040.0,138631.0,1312.0,525.0,5.0,5.0,0.9164254324309346,5042.0232655555255,1287.4068551532782,2017.5779073297645,2.499047619047619,21
Vermont,E2021,0.0029039347007115946,0.005244436337103247,76448.0,21928.0,222.0,115.0,5.0,5.0,0.5537172184104682,4031.8186771276014,1471.0689767898007,2088.5547201336676,1.9304347826086954,21
Virginia,E2020,0.01530884952922204,0.013261771308782207,437786.0,134522.0,6702.0,1784.0,5.0,5.0,1.1543593365302731,98154.65729349737,12551.259519625073,26127.70943175161,3.7567264573991035,21
Virginia,E2021,0.007568671719615116,0.00603887568936807,744120.0,438989.0,5632.0,2651.0,5.0,5.0,1.2533246433504792,82483.88986526069,15846.514352665496,38825.42472173404,2.12448132780083,21
Washington,E2020,0.011144048754720552,0.010467803313367286,253678.0,173962.0,2827.0,1821.0,5.0,5.0,1.0646024214545287,11268.649874637766,2499.2725402893097,7258.652784476608,1.5524437122460186,21
Washington,E2021,0.004853723313091205,0.006516315710774219,729337.0,381197.0,3540.0,2484.0,5.0,5.0,0.7448569910549228,14110.72534708797,3611.3890295089545,9901.42422660071,1.42512077294686,21
West Virginia,E2020,0.01708760381316189,0.018215022650190926,117278.0,42163.0,2004.0,768.0,5.0,5.0,0.9381049994457613,98264.19535157399,17358.046484260078,37658.13474551339,2.609375,21
West Virginia,E2021,0.009305753495207271,0.009536341705046471,225237.0,132231.0,2096.0,1261.0,5.0,5.0,0.9758200558483369,102775.32607629694,28488.771207217807,61831.91134647445,1.662172878667724,21
Wisconsin,E2020,0.010766703836532955,0.013190635896838408,398172.0,120161.0,4287.0,1585.0,5.0,5.0,0.8162384225246917,58726.83187440924,21205.769942054,21712.626200358907,2.7047318611987383,21
Wisconsin,E2021,0.006525299408226772,0.003969612165871402,702803.0,298014.0,4586.0,1183.0,5.0,5.0,1.6438128299605186,62822.77839422458,9794.654721297553,16205.70144796504,3.8765849535080306,21
Wyoming,E2021,0.008648892565712782,0.007853247984826933,53186.0,33744.0,460.0,265.0,5.0,5.0,1.1013140782543853,66406.8139165584,30460.516818247437,38256.099321495596,1.7358490566037739,21
Alabama,E2020,0.022708414264625904,0.01708825014119423,321775.0,200079.0,7307.0,3419.0,5.0,5.0,1.3288905579561527,309238.64742477465,39273.773752592155,144695.07808201786,2.1371746124597837,28
Alabama,E2021,0.007438266275254706,0.007495881981583206,463280.0,275618.0,3446.0,2066.0,5.0,5.0,0.9923136855049136,145837.74175800922,30809.59837487833,87434.93165178383,1.6679574056147142,28
Alaska,E2020,0.004834966477565756,0.00905820656178217,46536.0,23073.0,225.0,209.0,5.0,5.0,0.5337664188367209,43021.032504780116,13957.934990439771,39961.75908221797,1.0765550239234452,28
Alaska,E2021,0.0034301708682448503,0.0035051912325849677,109324.0,67614.0,375.0,237.0,5.0,5.0,0.97859735479117,71701.7208413002,36137.6673040153,45315.48757170172,1.5822784810126582,28
Arizona,E2020,0.017886601830951643,0.015605245096268467,595865.0,166098.0,10658.0,2592.0,5.0,5.0,1.1461916631625795,49853.35871685369,4892.7203244350685,12124.217094584797,4.111882716049383,28
Arizona,E2021,0.009211719234623276,0.006944135321611395,838280.0,314510.0,7722.0,2184.0,5.0,5.0,1.326546619268025,36120.063427617206,7222.14166436687,10215.775514881634,3.5357142857142856,28
Arkansas,E2020,0.015017781199589382,0.016950851839385845,218208.0,139639.0,3277.0,2367.0,5.0,5.0,0.8859602657074194,153554.19146244318,31769.832716367557,110913.26554519469,1.3844528939585974,28
Arkansas,E2021,0.008532812856771982,0.009616483767718335,319707.0,139968.0,2728.0,1346.0,5.0,5.0,0.887311106936598,127829.06143104822,19024.413101541635,63071.08382924886,2.026745913818722,28
California,E2020,0.014867647581208551,0.011112090441761655,2786991.0,771502.0,41436.0,8573.0,5.0,5.0,1.337970353924829,526719.8861036254,40461.17862409112,108976.96649209336,4.8333138924530505,28
California,E2021,0.0037981237918700834,0.0035857340178245397,4183118.0,2141542.0,15888.0,7679.0,5.0,5.0,1.0592318819493478,201962.67859866782,44668.73442823003,97612.75232623176,2.069019403568173,28
Colorado,E2020,0.006594651225347925,0.014266806469910789,353165.0,116354.0,2329.0,1660.0,5.0,5.0,0.46223737871935694,232458.32917456832,184948.59766443758,165685.19812356523,1.403012048192771,28
Colorado,E2021,0.003939414521496977,0.006029240211504464,662535.0,249451.0,2610.0,1504.0,5.0,5.0,0.6533849014640575,260505.04042319593,125262.00219582792,150114.7819143627,1.735372340425532,28
Connecticut,E2020,0.013027479251682211,0.012698000519345625,239417.0,38510.0,3119.0,489.0,5.0,5.0,1.0259472923973045,26707.88306417085,4409.926187254885,4187.289137024542,6.378323108384458,28
Connecticut,E2021,0.005925925925925926,0.004094936897693708,333450.0,134068.0,1976.0,549.0,5.0,5.0,1.4471348579909598,16920.415817506124,1832.4741826651368,4701.066945248412,3.5992714025500914,28
Delaware,E2021,0.006384461283860291,0.005076047051771934,114810.0,53388.0,733.0,271.0,5.0,5.0,1.2577624318182037,3129.4695271640517,640.4098623118796,1157.0071512434624,2.7047970479704797,28
District of Columbia,E2021,0.0019822151254026373,0.0018033060611120388,72646.0,29945.0,144.0,54.0,5.0,5.0,1.0992117024107773,inf,inf,inf,,28
Florida,E2020,0.013215550180530725,0.01802485679298097,1255188.0,1099981.0,16588.0,19827.0,5.0,5.0,0.7331847532723239,651199.3090723511,141914.96879048404,778353.5508185137,0.8366369092651434,28
Florida,E2021,0.005824923251930551,0.008564099879600063,2194192.0,1432725.0,12781.0,12270.0,5.0,5.0,0.6801559222593478,501746.94774859655,85973.3835826169,481686.4915793193,1.0416462917685412,28
Georgia,E2020,0.015275674840216498,0.016674739991451772,698758.0,350950.0,10674.0,5852.0,5.0,5.0,0.9160967336250821,527189.2132167729,112115.37511730133,289030.47365041735,1.8239917976760083,28
Georgia,E2021,0.008607041410408418,0.009922280183331323,865338.0,530624.0,7448.0,5265.0,5.0,5.0,0.8674459147875702,367856.9664641675,89445.34992838446,260038.52422581124,1.4146248812915478,28
Hawaii,E2021,0.0025561882121380598,0.003454635671687903,156483.0,106813.0,400.0,369.0,5.0,5.0,0.7399298956723648,inf,inf,inf,,28
Idaho,E2020,0.009764681526464702,0.02011441647597254,115928.0,43700.0,1132.0,879.0,5.0,5.0,0.48545686314733505,111045.71316460663,35216.79419266235,86227.19246615656,1.2878270762229806,28
Idaho,E2021,0.0067097382939966185,0.011476422887266215,152614.0,79293.0,1024.0,910.0,5.0,5.0,0.584654152248213,100451.24583088091,39925.44634098489,89268.19697861487,1.1252747252747253,28
Illinois,E2020,0.0137348769017847,0.014034533458084742,828038.0,246891.0,11373.0,3465.0,5.0,5.0,0.9786486271741779,295717.5173561455,100496.63277776333,90095.94633245794,3.282251082251082,28
Illinois,E2021,0.006286847812388223,0.003933133666858987,1372707.0,653423.0,8630.0,2570.0,5.0,5.0,1.598432279421848,224394.8100574638,23531.553082503444,66824.41041108713,3.357976653696498,28
Indiana,E2020,0.013885739412665956,0.016668293039935597,507139.0,163964.0,7042.0,2733.0,5.0,5.0,0.8330630724692135,207337.18054410553,63979.507714050174,80467.55388057943,2.5766556897182586,28
Indiana,E2021,0.009284713703811027,0.006944166098841637,666041.0,299388.0,6184.0,2079.0,5.0,5.0,1.3370523647698778,182075.13838181604,25026.49864562478,61211.871393239904,2.9745069745069745,28
Iowa,E2020,0.015953914900489922,0.012450984986955366,222892.0,64011.0,3556.0,797.0,5.0,5.0,1.2813375742725979,283075.9433211272,64161.75768189779,63445.3112561694,4.461731493099122,28
Iowa,E2021,0.007986604536391377,0.007703586288884486,272331.0,126175.0,2175.0,972.0,5.0,5.0,1.0367385055341378,173141.2195510269,35583.50581117656,77376.21397866582,2.2376543209876543,28
Kansas,E2020,0.015907737889213475,0.01687866613613318,216687.0,77909.0,3447.0,1315.0,5.0,5.0,0.9424760085252719,20836.73358359175,3753.876285294598,7949.02949301513,2.621292775665399,28
Kansas,E2021,0.005732172376956727,0.007319525750855504,335126.0,128287.0,1921.0,939.0,5.0,5.0,0.7831343958707642,11612.23243808522,4031.94119531642,5676.15109805415,2.045793397231097,28
Kentucky,E2020,0.01439042473651445,0.014064211569558187,319657.0,153368.0,4600.0,2157.0,5.0,5.0,1.0231945577143013,172065.53452532357,26782.37450437645,80683.77347198324,2.132591562355123,28
Kentucky,E2021,0.008061930282625624,0.00650681249135958,567606.0,325505.0,4576.0,2118.0,5.0,5.0,1.2389984025713192,171167.80130171316,61345.103613376225,79224.95698361637,2.1605288007554293,28
Louisiana,E2020,0.015393907481686826,0.01536414781945041,258284.0,239779.0,3976.0,3684.0,5.0,5.0,1.0019369549542305,285960.87456846953,51064.4418872267,264959.7238204833,1.0792616720955484,28
Louisiana,E2021,0.005205179438380761,0.005501759696063246,473951.0,253737.0,2467.0,1396.0,5.0,5.0,0.9460935638656298,177430.95512082853,23949.94246260069,100402.76179516687,1.7671919770773636,28
Maine,E2021,0.0074431122701112285,0.007115173251576329,131531.0,51861.0,979.0,369.0,5.0,5.0,1.0460900960440065,4714.868450835817,996.9129410858163,1777.1056775877596,2.6531165311653115,28
Maryland,E2020,0.015436193683450911,0.015103591264736595,266063.0,66077.0,4107.0,998.0,5.0,5.0,1.02202141284708,78563.77687657817,26207.054862652076,19090.978651771366,4.115230460921844,28
Maryland,E2021,0.007240668458157014,0.005433728780694177,450649.0,226916.0,3263.0,1233.0,5.0,5.0,1.3325413818744176,62418.7007422144,9124.646109113168,23586.34937638687,2.6463909164639094,28
Massachusetts,E2020,0.010534502855321967,0.011049588994316658,477004.0,81994.0,5025.0,906.0,5.0,5.0,0.9533841358932332,6049.683249420314,875.2477059360335,1090.7488604924984,5.546357615894039,28
Massachusetts,E2021,0.005227676098998747,0.004872946983802365,846839.0,300229.0,4427.0,1463.0,5.0,5.0,1.0727956032305501,5329.740844812683,793.381345545868,1761.3306654531182,3.025974025974026,28
Michigan,E2020,0.016637368042335753,0.016625801901051288,548945.0,148865.0,9133.0,2475.0,5.0,5.0,1.000695674190833,271564.925217805,106598.07915316227,73592.81615176474,3.6901010101010105,28
Michigan,E2021,0.00967082517542866,0.0081748953088217,1112418.0,434134.0,10758.0,3549.0,5.0,5.0,1.1829907063143268,319883.4408730041,61639.5587404478,105527.63819095478,3.0312764158918006,28
Minnesota,E2020,0.009731658478346993,0.011126850198107203,371057.0,97422.0,3611.0,1084.0,5.0,5.0,0.8746103618796317,371922.95808013185,149345.9676588732,111648.98547739211,3.3311808118081183,28
Minnesota,E2021,0.0051573208722741435,0.005179572434649669,642000.0,239402.0,3311.0,1240.0,5.0,5.0,0.9957039769872374,341023.79235760635,87547.63621382223,127716.55165310537,2.6701612903225804,28
Mississippi,E2020,0.018455450682754372,0.018627464979794662,184986.0,140062.0,3414.0,2609.0,5.0,5.0,0.990765555204271,114988.21151902998,20006.736274840012,87874.70528797575,1.3085473361441164,28
Mississippi,E2021,0.007514470782800441,0.0058152752683282875,290240.0,167146.0,2181.0,972.0,5.0,5.0,1.292195199034941,73459.07713034692,7443.583698214888,32738.29572246548,2.243827160493827,28
Missouri,E2020,0.013527982539224973,0.015166774183068719,388528.0,215471.0,5256.0,3268.0,5.0,5.0,0.8919485696785019,287385.8603532178,73049.37394062005,178686.6422439718,1.6083231334149328,28
Missouri,E2021,0.013194177305296007,0.005867095606715593,556306.0,248675.0,7340.0,1459.0,5.0,5.0,2.2488430715520797,401334.1352725682,48717.80851878178,79774.72797856636,5.03084304318026,28
Montana,E2020,0.01251550501038313,0.021945137157107233,71751.0,24060.0,898.0,528.0,5.0,5.0,0.570308807859504,5567.265964042157,2411.655300681959,3273.403595784253,1.7007575757575757,28
Montana,E2021,0.007496794474086942,0.00848258107532458,96708.0,53993.0,725.0,458.0,5.0,5.0,0.8837869520510399,4494.730316181029,2145.0712957222568,2839.429634221947,1.5829694323144103,28
Nebraska,E2020,0.008996205289508997,0.020165242963170425,138614.0,35705.0,1247.0,720.0,5.0,5.0,0.4461243192526649,91161.63462241391,27341.179910812192,52635.42656626947,1.7319444444444443,28
Nebraska,E2021,0.005446809392766264,0.005276751742716694,192957.0,72014.0,1051.0,380.0,5.0,5.0,1.0322277147649204,76833.10183492946,20396.22779442942,27779.808465531107,2.765789473684211,28
Nevada,E2020,0.01639893399539904,0.01941476360081011,203001.0,85914.0,3329.0,1668.0,5.0,5.0,0.8446630787054634,347494.7807933194,51252.609603340294,174112.73486430064,1.9958033573141485,28
Nevada,E2021,0.010115927584363053,0.007707154136584288,274913.0,153883.0,2781.0,1186.0,5.0,5.0,1.3125373393461548,290292.2755741127,48121.08559498956,123799.58246346556,2.344856661045531,28
New Hampshire,E2021,0.004679600235155791,0.005023093459336356,170100.0,46983.0,796.0,236.0,5.0,5.0,0.9316171942725615,18448.98715987577,4496.361192231029,5469.8002132295,3.3728813559322037,28
New Jersey,E2020,0.012970491524548902,0.01284757606638521,658726.0,109904.0,8544.0,1412.0,5.0,5.0,1.0095672099957667,81165.03747613211,12511.043346917837,13413.51040687015,6.05099150141643,28
New Jersey,E2021,0.005079479263455524,0.0033630363174438414,1000890.0,477842.0,5084.0,1607.0,5.0,5.0,1.5103848974537115,48296.23718734266,6269.771153352903,15265.942793088052,3.163658991910392,28
New Mexico,E2020,0.017387470550143978,0.01619443588953906,145162.0,38964.0,2524.0,631.0,5.0,5.0,1.0736694176161807,32912.58084706864,9753.80763613603,8228.14521176716,4.0,28
New Mexico,E2021,0.008959443475967345,0.00958031282280992,242649.0,109391.0,2174.0,1048.0,5.0,5.0,0.9351932073278091,28348.63342374296,7367.515126225746,13665.762570415189,2.0744274809160306,28
New York,E2020,0.012912661224627711,0.010065810386032659,1361377.0,254823.0,17579.0,2565.0,5.0,5.0,1.2828238094515816,705615.5420864609,78874.48320154137,102958.29486613415,6.853411306042885,28
New York,E2021,0.0044652404551277815,0.004035710044353569,2436151.0,968355.0,10878.0,3908.0,5.0,5.0,1.1064324260300058,436639.50547906716,68478.30449965881,156865.89330871432,2.7835209825997955,28
North Carolina,E2020,0.011571594550091713,0.014226624771440237,639497.0,281655.0,7400.0,4007.0,5.0,5.0,0.813375957825326,409541.2031656428,79307.10055896839,221761.02717361227,1.8467681557274769,28
North Carolina,E2021,0.004105576430223432,0.005555322334634706,1151848.0,643167.0,4729.0,3573.0,5.0,5.0,0.7390347819472471,261718.96618517904,107255.52050473186,197741.98904200565,1.3235376434368877,28
North Dakota,E2020,0.010303931399329207,0.017202619489785943,57842.0,20462.0,596.0,352.0,5.0,5.0,0.5989745576507791,15855.702466147011,12211.01918114342,9364.441724972732,1.6931818181818181,28
North Dakota,E2021,0.003471613807604696,0.003751477465440156,91312.0,38918.0,317.0,146.0,5.0,5.0,0.9253990833175313,8433.31825800101,3405.2515363537204,3884.1150336534624,2.171232876712329,28
Ohio,E2020,0.014998709265478525,0.021998662356482,801869.0,179420.0,12027.0,3947.0,5.0,5.0,0.6818009669146584,552406.7609774022,139858.53389674812,181287.8927062282,3.0471243982771727,28
Ohio,E2021,0.009458311233784548,0.0068920008798299,1127474.0,545560.0,10664.0,3760.0,5.0,5.0,1.3723607118892283,489803.41723314347,102746.64706963072,172698.8792945067,2.8361702127659574,28
Oklahoma,E2020,0.015997955694086026,0.012889894716127127,316978.0,132119.0,5071.0,1703.0,5.0,5.0,1.2411238451831779,250902.97362822224,46212.458562169115,84261.04596506852,2.977686435701703,28
Oklahoma,E2021,0.009232429099876696,0.017827793771264068,389280.0,191050.0,3594.0,3406.0,5.0,5.0,0.5178671695629603,177823.95725100194,56256.493988422146,168522.09193013704,1.0551967116852614,28
Oregon,E2020,0.013273267771939613,0.012302713923741491,120091.0,98271.0,1594.0,1209.0,5.0,5.0,1.0788894104353,14883.28664799253,3734.827264239029,11288.515406162465,1.3184449958643507,28
Oregon,E2021,0.007036293235898661,0.007397770222787791,339099.0,210604.0,2386.0,1558.0,5.0,5.0,0.9511370350790768,22278.244631185808,8095.238095238095,14547.152194211018,1.5314505776636713,28
Pennsylvania,E2020,0.019322783600647056,0.015232537435166943,821569.0,174101.0,15875.0,2652.0,5.0,5.0,1.2685203422534892,35351.780839000756,5803.259267177068,5905.695923466456,5.986048265460031,28
Pennsylvania,E2021,0.009461696291045043,0.008298771854068547,1200419.0,497905.0,11358.0,4132.0,5.0,5.0,1.140132113212193,25292.946568149328,5560.528929447866,9201.483995385897,2.748789932236205,28
Puerto Rico,E2020,0.016541209840178914,0.01704857154914124,73332.0,47394.0,1213.0,808.0,5.0,5.0,0.9702402217394053,28851.414028494637,11250.386509050259,19218.419237447375,1.5012376237623763,28
Puerto Rico,E2021,0.0031380187199047775,0.0021675845294955327,295728.0,396755.0,928.0,860.0,5.0,5.0,1.4477030432742093,22072.63991627619,4733.249292391123,20455.248198273195,1.0790697674418606,28
Rhode Island,E2021,0.0034257685984042407,0.0024473544828593867,181857.0,54753.0,623.0,134.0,5.0,5.0,1.3997843885703536,4961.099564410681,605.2063674080445,1067.0743846404994,4.6492537313432845,28
South Carolina,E2020,0.013668677236825966,0.016553686320576792,375018.0,185578.0,5126.0,3072.0,5.0,5.0,0.8257180287290654,18243.356265058956,2576.705020659907,10933.201413628776,1.6686197916666667,28
South Carolina,E2021,0.006266331341464269,0.005808610776509742,570988.0,322108.0,3578.0,1871.0,5.0,5.0,1.0788003504737427,12734.047740222579,2338.2530367038107,6658.86062659487,1.9123463388562265,28
South Dakota,E2021,0.007164728236532853,0.005970332984550994,82627.0,32494.0,592.0,194.0,5.0,5.0,1.2000550480304049,214804.06386066764,36647.31494920174,70391.87227866473,3.0515463917525776,28
Tennessee,E2020,0.013811988609345365,0.013558759128315834,548871.0,258947.0,7581.0,3511.0,5.0,5.0,1.01867644956541,52406.72763848276,10756.479119572507,24271.207062223053,2.1592138991740244,28
Tennessee,E2021,0.012473054760314387,0.005888039172286691,738071.0,442762.0,9206.0,2607.0,5.0,5.0,2.118371565702462,63640.197156031165,6670.952667344131,18021.94155830689,3.5312619869581896,28
Texas,E2020,0.014638888640334002,0.018451317285732034,1899871.0,837176.0,27812.0,15447.0,5.0,5.0,0.793379053302276,2348986.4864864866,424746.6216216216,1304645.2702702703,1.8004790574221532,28
Texas,E2021,0.005895349251800879,0.005974755398662047,2440059.0,1468512.0,14385.0,8774.0,5.0,5.0,0.9867097242375897,1214949.3243243243,251182.43243243243,741047.2972972973,1.6395030772737633,28
Utah,E2020,0.0048969500156835245,0.008439920939636959,270985.0,88034.0,1327.0,743.0,5.0,5.0,0.5802127828811351,5099.66834862209,1468.0281154285144,2855.353114563838,1.7860026917900402,28
Utah,E2021,0.003332980636969633,0.0037437513975950546,378040.0,138631.0,1260.0,519.0,5.0,5.0,0.8902783018954473,4842.186977591435,1256.6628108511104,1994.5198741031386,2.4277456647398843,28
Vermont,E2021,0.0029824194223524486,0.004788398394746443,76448.0,21928.0,228.0,105.0,5.0,5.0,0.6228427913651856,4140.786749482401,1325.7782136500673,1906.9412662090008,2.1714285714285713,28
Virginia,E2020,0.015260880887008721,0.014384264283908951,437786.0,134522.0,6681.0,1935.0,5.0,5.0,1.060942748672965,97847.10017574692,12580.550673696544,28339.191564147626,3.4527131782945735,28
Virginia,E2021,0.00750550986400043,0.006100380647351073,744120.0,438989.0,5585.0,2678.0,5.0,5.0,1.230334678748202,81795.54774458114,13488.576449912127,39220.85530169889,2.085511575802838,28
Washington,E2020,0.010879934405033152,0.011807176279877214,253678.0,173962.0,2760.0,2054.0,5.0,5.0,0.9214679401014495,11001.582474000788,2746.4095378936754,8187.40956579624,1.3437195715676726,28
Washington,E2021,0.004768714599698082,0.006261854106931587,729337.0,381197.0,3478.0,2387.0,5.0,5.0,0.761549936850067,13863.588349483603,3412.0849991828536,9514.774407768075,1.4570590699622956,28
West Virginia,E2020,0.016669793141083578,0.02091881507482864,117278.0,42163.0,1955.0,882.0,5.0,5.0,0.7968803721173547,95861.52790036285,19564.577817005,43248.01412180053,2.2165532879818595,28
West Virginia,E2021,0.009048246957649055,0.009770779923013515,225237.0,132231.0,2038.0,1292.0,5.0,5.0,0.9260516590223623,99931.35235853682,24418.946749043836,63351.96626458762,1.5773993808049536,28
Wisconsin,E2020,0.010221713229458626,0.015412654688293207,398172.0,120161.0,4070.0,1852.0,5.0,5.0,0.6632026368061436,55754.18841353991,21205.769942054,25370.210550829463,2.197624190064795,28
Wisconsin,E2021,0.0063559774218379834,0.004036723106968129,702803.0,298014.0,4467.0,1203.0,5.0,5.0,1.5745388656621986,61192.61907697366,10096.028712722093,16479.67780380553,3.7132169576059852,28
Wyoming,E2021,0.008742902267514008,0.007467994310099573,53186.0,33744.0,465.0,252.0,5.0,5.0,1.1707162464880663,67128.62711130359,26129.63764977624,36379.38501515808,1.8452380952380951,28
