region,lat,winter,cfr_w,cfr_s1,cfr_s2,temp_w,temp_s,cases_w,cases_s,penalty_cfr,penalty_cases,penalty_deaths
Afghanistan,33.93911,W1 2020冬-2021春,0.06197089947089947,0.03594745116849202,0.047239308805499376,-8.870751152073732,9.580731182795699,15120.0,66478.0,0.4080226404982872,-1.3757032239435762,-0.96768058344529
Albania,41.1533,W1 2020冬-2021春,0.01648414875050344,0.03180946291560102,0.009449021627188466,9.252281105990786,23.46497311827957,104282.0,25676.0,-0.05043827568810233,1.5540293544014467,1.5035910787133444
Algeria,28.0339,W1 2020冬-2021春,0.016911392405063293,0.027312515781499874,0.030818082238987826,17.34695238095238,35.02110752688172,59250.0,64387.5,-0.5397358254012143,-0.04762320769598638,-0.5873590330972016
Argentina,-38.4161,W1 2020冬-2021春,0.019659073506405382,0.03290769958195649,0.02008300801170763,22.202184331797234,12.327193548387097,1181897.0,1513056.0,-0.26825138482088384,-0.0987349014736445,-0.36698628629452834
Armenia,40.0691,W1 2020冬-2021春,0.019994942913270964,0.02049986540492411,0.030109788968509632,-7.256855606758833,9.79747311827957,102826.0,46963.0,-0.21715493990247303,0.7840793585220656,0.5669244186195908
Austria,47.5162,W1 2020冬-2021春,0.022088634460288872,0.014256477852162754,0.00734145703344882,-0.18599846390168973,12.751032258064516,435835.0,77481.0,0.7696888392302488,1.9779043659765119,2.74759320520676
Azerbaijan,40.1431,W1 2020冬-2021春,0.014836953362655248,0.015120364346128823,0.011930118390951072,6.272357910906298,27.009946236559145,206444.0,101609.0,0.09956660400542461,0.9533299740478398,1.0528965780532626
Bahrain,26.0275,W1 2020冬-2021春,0.0037579617834394906,0.004084100023590469,0.006716060454735383,20.899675883256528,34.783903225806455,62800.0,82973.5,-0.3319248346237007,-0.2616138806956112,-0.5935387153193128
Bangladesh,23.685,W1 2020冬-2021春,0.01873179739797948,0.01492361134531719,0.01962275612183554,21.52657142857143,28.177849462365593,203611.0,576295.5,0.09040520936315888,-0.9612786152667585,-0.8708734059035965
Belarus,53.7098,W1 2020冬-2021春,0.006018135005037502,0.011763977462695809,0.009322657626513816,-1.9594086021505377,16.367129032258063,223325.0,121976.0,-0.5539675115111216,0.729825919131704,0.17585840762058247
Belgium,50.8333,W1 2020冬-2021春,0.020519654740260886,0.019661676175768236,0.004192756894690352,5.81242089093702,16.614118279569894,453224.0,162329.0,0.815368266176685,1.2225253981542572,2.0378936643309427
Bolivia,-16.2902,W1 2020冬-2021春,0.028150688076905413,0.06131470658396947,0.02746132690772852,26.010433179723503,23.186817204301075,130654.0,165428.5,-0.37682742571540784,-0.2177772241133944,-0.5946046498287991
Bosnia and Herzegovina,43.9159,W1 2020冬-2021春,0.04839546245482532,0.03251400124455507,0.057746323731894034,-2.57742242703533,11.349419354838709,119536.0,31013.0,0.11054081182283637,1.3640370058116282,1.4745778176344668
Botswana,-22.3285,W1 2020冬-2021春,0.019153165090646268,0.0064516129032258064,0.0122839907473202,23.97226574500768,18.44184229390681,33206.0,67615.5,0.7661544751490372,0.520193051225947,1.2863475263749837
Brazil,-14.235,W1 2020冬-2021春,0.027223235513475712,0.02915006581147686,0.02507037617921352,22.186622119815667,18.629870967741937,7225629.0,5743718.0,0.0069988116151140645,0.24534427883382293,0.25234309044893877
Bulgaria,42.7339,W1 2020冬-2021春,0.044101052834993736,0.042945102706058884,0.04969217238346526,0.7271781874039938,15.757043010752689,289789.0,58554.5,-0.04640136510844739,1.8970312754417016,1.850629910333252
Burma,21.9162,W1 2020冬-2021春,0.01843348787446505,0.05576036866359447,0.046825147311048095,24.734715821812596,29.5417311827957,89728.0,167139.5,-1.01957288256893,0.3274157278912586,-0.6921571546776732
Canada,52.18975974959941,W1 2020冬-2021春,0.016588338748542146,0.033318778121618285,0.008913514815707058,-2.1267188940092163,19.013376344086023,752818.0,251921.0,-0.03814493111316075,1.3013496830224422,1.2632047519092833
Chile,-35.6751,W1 2020冬-2021春,0.02013468457515424,0.02930007253716126,0.021788565827301057,19.46878648233487,11.396161290322581,485282.0,450654.0,-0.2270437315950642,0.0741011728199048,-0.1529425587751625
China,23.65995342661174,W1 2020冬-2021春,0.0159771534424205,0.012632062471290766,0.005510752688172043,17.435551459293396,27.415854838709677,12956.0,8074.0,0.6496900718165755,0.47600250520043197,1.1256925770170065
Colombia,4.5709,W1 2020冬-2021春,0.024763679136581562,0.03374871837234503,0.022172979657724978,12.977350230414748,12.97179569892473,1332193.0,1460362.5,-0.09953040001670477,0.01373579723175311,-0.08579460278495077
Costa Rica,9.7489,W1 2020冬-2021春,0.014027136610077439,0.01501927607624759,0.01146539399844947,17.25472350230415,18.785900537634408,106793.0,177949.0,0.0666599183211174,-0.3053968490985337,-0.2387369307774163
Croatia,45.1,W1 2020冬-2021春,0.02425826301300851,0.015822123091935595,0.016293194871017946,1.1385499231950846,15.305198924731183,222316.0,43477.0,0.41267895993432546,1.929798694673007,2.3424776546073316
Cuba,21.521757,W1 2020冬-2021春,0.005206505206505206,0.011321822813472968,0.009353579310801184,23.72539631336405,27.00562007168459,68376.0,387127.0,-0.6813367398978736,0.2702849814906454,-0.4110517584072264
Czechia,49.8175,W1 2020冬-2021春,0.01843087794325234,0.013934465211394874,0.010982858836508538,1.5186589861751156,15.816645161290321,1197230.0,61906.0,0.3986768808628449,2.962328888657005,3.361005769519852
Denmark,56.37399668911018,W1 2020冬-2021春,0.009168690899626963,0.007216440934999738,0.0016285303885600314,3.1755514592933944,14.351494623655913,184432.0,64212.0,0.9837745709914332,1.394782160182503,2.3785567311739353
Dominican Republic,18.7357,W1 2020冬-2021春,0.008909465511618102,0.01676216539810143,0.005590035248578163,18.341594470046083,20.88782795698925,125709.0,98861.5,-0.0829406877235721,0.2423335964751292,0.1593929087515571
Ecuador,-1.8312,W1 2020冬-2021春,0.02742225792990913,0.08853567382908316,0.10438374313213576,18.845181259600615,18.531623655913982,160563.0,120214.0,-1.254384738714382,0.2916886541614456,-0.9626960845529364
Egypt,26.820553,W1 2020冬-2021春,0.06479445102351548,0.05637869774014192,0.04728992360858494,16.017597542242704,29.707010752688173,94576.0,87316.5,0.2270256529448451,0.0869317353089123,0.3139573882537583
El Salvador,13.794200000000002,W1 2020冬-2021春,0.033042071197411,0.030716128582386166,0.035761024182076814,24.334978494623655,24.463989247311826,30900.0,31916.0,-0.003041599720400967,-0.027190999378147396,-0.030232599098548363
Ethiopia,9.145,W1 2020冬-2021春,0.015278029342510414,0.01737177186756516,0.024673587813945054,22.280254992319506,24.341903225806448,110420.0,81734.5,-0.30387416162258685,0.30398485673917186,0.00011069511658412523
Finland,61.924110000000006,W1 2020冬-2021春,0.00860403577980162,0.007936507936507936,0.0042016042488950325,-2.7524116743471585,13.296827956989247,61599.0,29694.5,0.39876147569823495,1.3752326448423293,1.7739941205405643
France,44.61517569245893,W1 2020冬-2021春,0.016903843757881846,0.012884640026359626,0.007130241913357229,5.426113671274962,16.41536559139785,3290790.0,956569.5,0.5673505028189219,1.410297979156832,1.9776484819757538
Georgia,42.3154,W1 2020冬-2021春,0.013309996911355915,0.019128586609989374,0.01642869885233662,5.179141321044547,20.68125806451613,242825.0,153703.5,-0.2865914160473917,1.8616537211658741,1.5750623051184842
Germany,51.165691,W1 2020冬-2021春,0.029129477931287444,0.015019215987701768,0.010182006468819157,2.8211689708141323,16.243053763440862,2290120.0,488002.0,0.8567743798398153,1.9320048651677961,2.7887792450076105
Greece,39.0742,W1 2020冬-2021春,0.036090145162583874,0.018319394663480686,0.012766546306487221,5.418233486943164,20.171501792114697,224438.0,162900.0,0.858625592836308,1.187910604708481,2.04653619754479
Guatemala,15.783500000000002,W1 2020冬-2021春,0.0368938820653123,0.03731335096053628,0.019116532990223783,21.335915514592934,24.30848387096774,85895.0,211895.5,0.32309335990087673,-0.7066475983472564,-0.38355423844638104
Honduras,15.2,W1 2020冬-2021春,0.02260322283109978,0.031525437087049614,0.02723527765665979,19.762592933947772,22.952301075268817,92155.0,114895.0,-0.2595614268231965,-0.160117131545638,-0.41967855836883494
Hungary,47.1625,W1 2020冬-2021春,0.03686459474070891,0.023506961009671683,0.029983624328251492,3.8910337941628264,19.444767025089604,577112.0,33207.0,0.32827761463309857,2.90431756636384,3.2325951809969373
India,20.593684,W1 2020冬-2021春,0.010770800253518007,0.0173019794922393,0.012711295052684824,20.91506144393241,26.318720430107525,4037583.0,10439729.5,-0.31981715209808126,-0.8634275440134012,-1.1832446961114833
Indonesia,-0.7893,W1 2020冬-2021春,0.02519734501063884,0.04013507168911842,0.03731246583862638,25.333347158218128,27.231236559139784,1101624.0,1411813.0,-0.42905038444680343,0.27144666684104024,-0.1576037176057632
Iran,32.427908,W1 2020冬-2021春,0.019111528042288134,0.06204165161247618,0.015241439097553953,8.790293394777265,30.88884946236559,1272792.0,1725271.0,-0.47562025182614587,0.18471353625205467,-0.2909067155740903
Iraq,33.223191,W1 2020冬-2021春,0.008493394026867992,0.02744835077141337,0.007217749844366936,14.662242703533025,34.514752688172045,378294.0,649500.0,-0.5051359786633904,-0.4305536515376662,-0.9356896302010558
Ireland,53.1424,W1 2020冬-2021春,0.016250186355348112,0.019189907038512616,0.0028540374856320717,5.883109062980031,14.381733870967743,174398.0,71474.5,0.7865448171673322,1.3797375822358315,2.1662823994031646
Israel,31.046050999999995,W1 2020冬-2021春,0.006895341933394505,0.007986523551389759,0.003587710738568116,14.517677419354836,24.90978494623656,518756.0,337626.0,0.2532111580349401,0.4814952823283498,0.7347064403632917
Italy,41.87194,W1 2020冬-2021春,0.024393307930664552,0.04498254081427448,0.011596085590008957,9.7775821812596,23.230827956989245,2905469.0,379550.0,0.0658378172412748,2.388596899782815,2.4544347170240908
Japan,36.204824,W1 2020冬-2021春,0.020395277221126756,0.013060105346706112,0.005999275375999842,8.015247311827958,23.33567741935484,373763.0,590798.0,0.8347029245560038,0.2973424691305038,1.1320453936865071
Jordan,31.24,W1 2020冬-2021春,0.0116574206356569,0.023137697516930022,0.014607360545910117,12.274410138248848,27.27586021505376,538970.0,61589.0,-0.455551439918195,2.7460447365468994,2.2904932966287026
Kazakhstan,48.01959999999999,W1 2020冬-2021春,0.02620911803915465,0.015308983649539346,0.016357825517662943,-9.895485407066051,20.502698924731185,147773.0,362304.0,0.5045342517386597,-0.6531954871472259,-0.14866123540856435
Kenya,-0.0236,W1 2020冬-2021春,0.015114244414576624,0.019799124118217815,0.0247014958497936,24.625867895545316,24.551397849462365,78866.0,64124.5,-0.38061311352426674,0.29666132060730277,-0.0839517929169622
"Korea, South",35.907757,W1 2020冬-2021春,0.016817308191782246,0.013648494090735798,0.0038192101036418524,1.6301336405529951,19.654150537634408,77004.0,102127.0,0.8455721982736106,0.43047860586843,1.2760508041420424
Kosovo,42.602636,W1 2020冬-2021春,0.017637037779336607,0.04247422680412371,0.013307580536555976,3.4037987711213518,19.688862903225804,69853.0,35492.0,-0.2986145407910419,0.8910616302735939,0.592447089482552
Kuwait,29.31166,W1 2020冬-2021春,0.005537922525594055,0.005812689060677357,0.005622384937238494,16.94027956989247,36.659021505376344,106177.0,119411.0,-0.03178018339784483,-0.10564227944770366,-0.13742246284555026
Kyrgyzstan,41.20437999999999,W1 2020冬-2021春,0.011395819285232636,0.023561178494436338,0.011290341953229158,-5.34015668202765,15.572720430107527,29660.0,64590.0,-0.3585274634132274,-0.7346498084389914,-1.0931772718522188
Lebanon,33.8547,W1 2020冬-2021春,0.015424669139297263,0.012157026084240121,0.008571253020931471,6.870551459293395,21.26547580645161,387172.0,68033.0,0.4128075132950535,1.8439529812848416,2.2567604945798934
Libya,26.3351,W1 2020冬-2021春,0.018791767999836506,0.019174255870115512,0.010850310008857396,15.826918586789555,31.150838709677416,97862.0,98472.5,0.26453780607851085,0.26940803299118876,0.5339458390696992
Lithuania,55.16940000000001,W1 2020冬-2021春,0.01718873177595274,0.01093693036820999,0.014947999294905694,-0.2271059907834101,16.73120430107527,200422.0,43919.0,0.29589272274330014,2.5740148979233464,2.8699076206666465
Luxembourg,49.8153,W1 2020冬-2021春,0.012694347083670352,0.004801920768307323,0.002905393136008716,3.9544055299539176,16.0160376344086,44508.0,7589.5,1.2233644279036762,1.8827272150659056,3.1060916429695826
Malaysia,4.210484,W1 2020冬-2021春,0.003334904698807461,0.011944260119442602,0.014076893513382276,25.587172043010753,26.768146953405022,313952.0,920751.5,-1.3579486638540645,1.2369338605335116,-0.12101480332055381
Mexico,23.6345,W1 2020冬-2021春,0.08566166257587,0.11107995668460426,0.04806103672086023,16.63142242703533,18.185978494623654,1313925.0,1021730.0,0.15904434403299872,0.2958919964701181,0.45493634050311726
Moldova,47.4116,W1 2020冬-2021春,0.022438246185173896,0.02685929392613694,0.025967167948570773,1.7138218125960063,19.136333333333337,154201.0,46350.0,-0.16295551434428202,1.203857136547784,1.040901622203502
Montenegro,42.708678,W1 2020冬-2021春,0.01399618535340368,0.01887715179968701,0.013309879800644972,6.9642119815668195,21.769788530465952,72877.0,22167.0,-0.12444462870986239,1.3616088415150625,1.2371642128051992
Morocco,31.7917,W1 2020冬-2021春,0.015244771906011631,0.021269814643965445,0.012867986970807592,12.96126113671275,26.271655913978492,277013.0,270526.0,-0.0817791373544603,0.21124552403246533,0.12946638667800592
Mozambique,-18.665695,W1 2020冬-2021春,0.012502284774264303,0.008260561718196837,0.013588099893572259,26.790835637480804,21.11054569892473,54710.0,44640.0,0.16556791368750545,0.7375195718756284,0.903087485563133
Nepal,28.1667,W1 2020冬-2021春,0.017322598202053188,0.008680555555555556,0.013986784607755461,16.790674347158216,25.3065376344086,106566.0,274817.0,0.45241267457999434,-0.586405068960719,-0.1339923943807264
Netherlands,51.62419146215896,W1 2020冬-2021春,0.00913187271890486,0.01244776085957895,0.0018856407485021791,5.9158049155145935,16.566924731182795,934310.0,301833.5,0.6338665712145479,1.4725565778081648,2.106423149022711
Nigeria,9.082,W1 2020冬-2021春,0.008976588896219436,0.016673694567432708,0.017089183407509406,27.12925806451613,24.29767741935484,100038.0,48792.5,-0.6315190535156514,0.7320287997304895,0.10050974621483988
North Macedonia,41.6086,W1 2020冬-2021春,0.030888776028440833,0.04324127906976744,0.0437236273266199,5.590121351766512,22.581139784946238,98450.0,27570.5,-0.34194921746863294,1.3605034655723056,1.0185542481036727
Norway,60.472,W1 2020冬-2021春,0.005439087500660083,0.004736746219712151,0.0014386419220256078,-4.506740399385561,9.769215053763443,75748.0,40975.0,0.7340863042841539,1.307648593158424,2.041734897442577
Oman,21.512583,W1 2020冬-2021春,0.01074044301536263,0.010837827446823987,0.017689746281081473,24.535542242703535,36.555354838709675,44784.0,103376.5,-0.25399752339412895,-0.834136170210229,-1.088133693604358
Pakistan,30.3753,W1 2020冬-2021春,0.025758125566068074,0.01961369836982341,0.020809037121840106,12.54925806451613,27.9660752688172,338961.0,357855.5,0.24294233934490528,-0.03841929670049282,0.20452304264441423
Panama,8.538,W1 2020冬-2021春,0.014946738134051018,0.02129866211591224,0.009586783307489005,18.77979723502304,19.65089247311828,221453.0,104300.0,0.044978255828519664,0.7530818942350042,0.7980601500635229
Paraguay,-23.4425,W1 2020冬-2021春,0.022913613498633502,0.02816051493513024,0.0482392614295981,27.025354838709678,21.752932795698925,151482.0,110331.0,-0.47531581971842085,0.5799406765938606,0.10462485687543932
Peru,-9.19,W1 2020冬-2021春,0.10248571212730892,0.09439178515007898,0.06300484222848933,22.63252073732719,17.615096774193546,648627.0,575326.0,0.28439057905374643,0.1839521511975164,0.4683427302512655
Philippines,12.879721,W1 2020冬-2021春,0.02088613292812344,0.018663878683139516,0.014058126050409056,26.216677419354834,28.19794623655914,366559.0,907856.0,0.25419012758801074,-0.6138083090298334,-0.35961818144182267
Poland,51.91940000000001,W1 2020冬-2021春,0.025464704699267888,0.02968068466497959,0.04095572048830147,1.7470737327188939,17.1462688172043,1958986.0,96783.0,-0.3142006267015387,3.025603834925324,2.7114032082237856
Portugal,39.3999,W1 2020冬-2021春,0.0200251894721527,0.018476345129413627,0.004605087934841442,11.519339477726573,21.48466666666667,680443.0,141641.5,0.775164436035038,1.836727304059531,2.6118917400945687
Qatar,25.3548,W1 2020冬-2021春,0.002404657441781978,0.0018335395323584125,0.0026781968958729955,21.04714592933948,35.111000000000004,47408.0,71671.0,0.08171143882071252,-0.21887137871930662,-0.1371599398985941
Romania,45.9432,W1 2020冬-2021春,0.023602037488896135,0.03943398189574446,0.06363121696384029,1.4255576036866358,17.09158064516129,711464.0,146867.5,-0.7525330133863348,1.601394838031652,0.8488618246453168
Russia,61.52401,W1 2020冬-2021春,0.02414812911643381,0.019509518453896032,0.038946191614764696,-5.173265745007681,17.104784946236556,2887967.0,1857325.0,-0.13233482399840613,0.5420480068279847,0.40971318282957725
Saudi Arabia,23.885942,W1 2020冬-2021春,0.02668227033352838,0.015472082911124507,0.012491234559339143,18.76827803379416,33.77954838709677,42725.0,220811.5,0.6519670821085266,-1.5493658084743664,-0.8973987263658394
Serbia,44.0165,W1 2020冬-2021春,0.00877281709118889,0.022166082633852172,0.009111364644736008,4.392519201228879,19.76025806451613,553642.0,138487.0,-0.4823849299838443,1.950754347942997,1.4683694179591527
Slovakia,48.669,W1 2020冬-2021春,0.015875244771646764,0.004484304932735426,0.012387163478744979,-1.7268095238095238,13.916311827956989,648053.0,29384.0,0.7561388430398237,3.4465282641806567,4.202667107220481
Slovenia,46.1512,W1 2020冬-2021春,0.018588488375299927,0.015647921760391197,0.005897648477539946,4.374557603686635,19.36500358422939,181295.0,28581.0,0.6600965737446973,2.510028312651796,3.1701248863964944
South Africa,-30.5595,W1 2020冬-2021春,0.0404665098668417,0.026788117698432163,0.025261415008528434,21.21273425499232,12.133236559139785,822705.0,995077.0,0.44185643873608615,-0.13331108024683402,0.308545358489253
Spain,40.463667,W1 2020冬-2021春,0.017147485913731282,0.011837992777366925,0.005280784717082899,8.07942549923195,22.82579569892473,2098675.0,995383.5,0.7741571721742488,0.854434554604298,1.6285917267785468
Sweden,60.128161,W1 2020冬-2021春,0.011103094495327913,0.03336981841654739,0.0036311509242422553,1.7090184331797231,14.289666666666667,680531.0,125272.0,0.008623098690980768,1.7952117702007708,1.8038348688917534
Switzerland,46.8182,W1 2020冬-2021春,0.01533992879408691,0.007891627278865632,0.0028549412658199777,-1.5640660522273424,10.79958064516129,446873.0,102042.5,1.1730323391660331,1.922063494071221,3.095095833237254
Tunisia,33.886917,W1 2020冬-2021春,0.037079374887361294,0.027195165303945966,0.03347644013253917,14.784648233486942,29.553989247311826,194205.0,207474.5,0.2061203205136617,0.8625936121436908,1.068713932657353
Turkey,38.9637,W1 2020冬-2021春,0.007925719326334252,0.02522939246897344,0.009746391546699157,2.9898310291858676,19.736956989247314,2941815.0,1265969.0,-0.682340318319592,1.4639329689578542,0.7815926506382613
US,40.0,W1 2020冬-2021春,0.014687849671354189,0.020510295942449776,0.012638349078958385,3.678542242703533,22.049225806451613,21403133.0,8618295.5,-0.09181078622021577,0.9519002186939378,0.8600894324737229
Ukraine,48.3794,W1 2020冬-2021春,0.022738193209770847,0.02405900803763968,0.03492648406401275,0.4694347158218126,19.173956989247312,1325699.0,306635.5,-0.24283140817429327,1.5233972255667982,1.280565817392505
United Arab Emirates,23.424076,W1 2020冬-2021春,0.0030807596977023553,0.00296173004197824,0.002275718867609707,21.704511520737327,35.17027956989247,328815.0,148732.5,0.1711414419235293,0.9068391353495517,1.0779805772730802
United Kingdom,55.22978733969726,W1 2020冬-2021春,0.02498243000175476,0.04696082748067359,0.003562833969885186,3.439503840245776,12.398978494623655,3345191.0,1844346.0,0.6582377361254896,1.2356525256431805,1.8938902617686697
Uzbekistan,41.377491,W1 2020冬-2021春,0.0027170221437304715,0.00919931233768609,0.007377808802821139,1.056048387096774,27.288279569892474,14722.0,68882.5,-1.1092662293709186,-1.521331869533121,-2.630598098904039
Venezuela,6.4238,W1 2020冬-2021春,0.01439752350914082,0.009413148992498897,0.013515485886096272,26.33991397849462,25.56698924731183,68484.0,123037.0,0.24408437750308298,-0.5023996842396361,-0.2583153067365531
West Bank and Gaza,31.9522,W1 2020冬-2021春,0.012524293952857816,0.009885680971331525,0.010684916180282321,12.075944700460829,23.662137096774195,188833.0,73352.5,0.1977100804850247,1.0657334022418201,1.2634434827268448
Zambia,-13.133897,W1 2020冬-2021春,0.0122107076375962,0.023066948747696717,0.020406947045802825,21.32479262672811,19.739301075268816,71986.0,66056.5,-0.5748248515632328,0.5511001842897087,-0.023724667273524958
Zimbabwe,-19.015438,W1 2020冬-2021春,0.045274416973522705,0.02911549606733821,0.033199010403725034,22.02095852534562,18.346767025089605,28515.0,49905.0,0.37584682038293593,0.09619172266042852,0.4720385430433671
Afghanistan,33.93911,W2 2021冬-2022春,0.017816439503186492,0.047239308805499376,0.006007188931015806,-8.140920122887866,9.93052688172043,21497.0,57869.0,0.05602996524027759,-0.7168099360060936,-0.6607799707658168
Albania,41.1533,W2 2021冬-2022春,0.005714156398157892,0.009449021627188466,0.0016749821810406271,8.138769585253456,23.845497311827955,88377.0,47480.0,0.3620898086465898,0.6381403054664823,1.000230114113073
Algeria,28.0339,W2 2021冬-2022春,0.015028960299903747,0.030818082238987826,0.0009485416172634575,16.47463748079877,35.863021505376345,59219.0,42734.0,1.0223430315078916,1.1629088845483544,2.185251916056246
Argentina,-38.4161,W2 2021冬-2022春,0.00322050281880684,0.02008300801170763,0.001931812823213191,22.140689708141323,12.09147311827957,3749104.0,1457864.5,-0.6596289645688254,1.1356592723888994,0.4760303078200767
Armenia,40.0691,W2 2021冬-2022春,0.01405515224225653,0.030109788968509632,0.003616544417277914,-8.177344086021506,11.32373835125448,114193.0,32632.5,0.2978043747641914,1.3389939858881217,1.6367983606523113
Australia,-33.78229959370005,W2 2021冬-2022春,0.001099513841740899,0.007746908373668297,0.001791900219082606,23.821167434715818,11.661344086021504,4401036.0,2181787.0,-1.2204171179114125,2.035669415009089,0.8152522970976772
Austria,47.5162,W2 2021冬-2022春,0.0016603814572413692,0.00734145703344882,0.0011214664140144631,-1.0344193548387097,13.196655913978494,3019788.0,541458.0,-0.5470398585095841,2.162485148589383,1.6154452900797995
Azerbaijan,40.1431,W2 2021冬-2022春,0.008673559459936598,0.011930118390951072,0.0075714690065100485,6.882964669738864,27.87746594982079,260562.0,96528.5,-0.09144737686095272,1.339701311262802,1.2482539344018502
Bahrain,26.0275,W2 2021冬-2022春,0.00028814291888776836,0.006716060454735383,0.0003754928343450779,20.205701996927804,34.6577311827957,277640.0,104988.0,-1.7067916007195336,0.9746216590004764,-0.7321699417190564
Bangladesh,23.685,W2 2021冬-2022春,0.0031462838775200373,0.01962275612183554,0.0036686619038424407,20.66883102918587,28.247602150537634,382038.0,434642.5,-0.9920364205613783,0.4633967463197095,-0.528639674241667
Belgium,50.8333,W2 2021冬-2022春,0.0019450706272652002,0.004192756894690352,0.002382918388630836,5.859150537634409,16.80177419354839,2490398.0,371391.0,-0.48554393030404697,1.954889448957628,1.4693455186535802
Bolivia,-16.2902,W2 2021冬-2022春,0.0074261186170527784,0.02746132690772852,0.0014462240761874778,25.72331797235023,23.079709677419352,388359.0,200000.5,0.16413593125437398,0.6637454163048453,0.8278813475592193
Bosnia and Herzegovina,43.9159,W2 2021冬-2022春,0.030860272900670026,0.057746323731894034,0.017449106771915246,-3.4566758832565285,11.88968817204301,122682.0,28988.5,-0.028204384187642706,1.4756911026961568,1.4474867185085145
Botswana,-22.3285,W2 2021冬-2022春,0.002329061984999832,0.0122839907473202,0.00431078723185877,25.076646697388632,17.161125448028674,118932.0,75886.0,-1.1392430896193613,0.8512206490031229,-0.2880224406162375
Brazil,-14.235,W2 2021冬-2022春,0.0062058155018191495,0.02507037617921352,0.005217447295260171,21.77817665130568,18.00163440860215,8137045.0,5490773.0,-0.6113607512161217,0.42069313581075285,-0.19066761540537058
Brunei,4.5353,W2 2021冬-2022春,0.0010094774077287593,0.009440920489747751,0.0007327080890973036,25.34485407066052,26.011532258064516,119864.0,6801.5,-0.9575900147218857,2.869220062421741,1.9116300476998553
Bulgaria,42.7339,W2 2021冬-2022春,0.01954585025846754,0.04969217238346526,0.00717330789745187,0.16270046082949308,15.961215053763443,536431.0,100262.0,0.034655838851945564,1.6774571911864555,1.7121130300384007
Burma,21.9162,W2 2021冬-2022春,0.004528579371200029,0.046825147311048095,0.004018369690011481,24.19468817204301,29.14245698924731,111514.0,164984.5,-1.1082400467516766,0.7457904224334193,-0.3624496243182582
Canada,52.18975974959941,W2 2021冬-2022春,0.00505779366959289,0.008913514815707058,0.011045371796667133,-3.93626113671275,18.984881720430106,1769744.0,456324.0,-0.6738597164021103,1.3634819812783014,0.6896222648761938
Chile,-35.6751,W2 2021冬-2022春,0.01080698782806123,0.021788565827301057,0.003456022280693194,19.315626728110598,10.872075268817204,1775888.0,760847.5,0.21944113264848575,0.9351063115618832,1.154547444210369
China,23.65995342661174,W2 2021冬-2022春,0.006994705319757393,0.005510752688172043,0.001238848342854986,15.754963133640553,26.98634946236559,1264099.0,374629.0,0.9847117748850049,2.834127504971189,3.8188392798561903
Colombia,4.5709,W2 2021冬-2022春,0.011019566219473104,0.022172979657724978,0.009310449221024196,12.949341013824883,12.660494623655914,1082529.0,1156129.0,-0.26533343838094936,0.47815939979545874,0.21282596141451116
Costa Rica,9.7489,W2 2021冬-2022春,0.004160106728255373,0.01146539399844947,0.0021030160424412446,16.74379569892473,18.59569892473118,278839.0,266606.5,-0.16581217327321163,0.04635990228727849,-0.11945227098593314
Croatia,45.1,W2 2021冬-2022春,0.009277576698238628,0.016293194871017946,0.009834425036390102,0.5965545314900152,15.328612903225807,628828.0,91263.5,-0.3107178775720243,1.9514506871908939,1.6407328096188687
Cuba,21.521757,W2 2021冬-2022春,0.0017138642214572907,0.009353579310801184,0.00040899795501022495,23.961448540706606,27.28925806451613,138284.0,386583.0,-0.13210638086938342,1.158623759802225,1.0265173789328426
Cyprus,35.1264,W2 2021冬-2022春,0.0013237303111418314,0.004022913924473035,0.0012804572531408317,12.32200614439324,27.500999999999998,306709.0,80857.5,-0.5391581257443265,1.3919357659972267,0.8527776402529001
Czechia,49.8175,W2 2021冬-2022春,0.0036741501140358265,0.010982858836508538,0.004092710199207513,2.3374024577572965,16.272451612903225,2303662.0,168538.0,-0.6014497359740529,2.8782031290562617,2.276753393082209
Denmark,56.37399668911018,W2 2021冬-2022春,0.0011916711945260483,0.0016285303885600314,0.004855669595743634,3.9142304147465437,14.444247311827956,2714675.0,146090.0,-0.858555821450941,2.9549623817438135,2.0964065602928734
Dominican Republic,18.7357,W2 2021冬-2022春,0.0010440380335416317,0.005590035248578163,0.00016338200755641784,18.50114592933948,20.418627240143365,196353.0,70725.5,0.08843523074067594,1.0708325403036003,1.1592677710442763
Ecuador,-1.8312,W2 2021冬-2022春,0.007077646894007495,0.10438374313213576,0.0022150624244865083,19.029325652841784,18.288698924731186,342628.0,131198.5,-0.7647357730968407,0.9601754448320765,0.1954396717352358
El Salvador,13.794200000000002,W2 2021冬-2022春,0.008314087759815243,0.035761024182076814,0.0024939540507859736,24.99647465437788,24.21818817204301,47630.0,37423.0,-0.1274126103176476,0.24302529220971003,0.11561268189206242
Estonia,58.59530000000001,W2 2021冬-2022春,0.0022962175886955443,0.00560780419417022,0.005268456375838926,-1.2662703533026114,15.05005376344086,362335.0,32019.0,-0.861685080193392,2.4286469323265543,1.566961852133164
Ethiopia,9.145,W2 2021冬-2022春,0.008471092158981175,0.024673587813945054,0.0027406948987711076,22.61545161290322,24.61087634408602,104591.0,55427.0,0.029687018157797063,0.8506112093074645,0.8802982274652615
Finland,61.924110000000006,W2 2021冬-2022春,0.0030003368993112896,0.0042016042488950325,0.007253813067977639,-3.2241920122887864,14.148440860215056,724252.0,162453.0,-0.6097722615672936,1.7825879750176004,1.172815713450305
France,44.61517569245893,W2 2021冬-2022春,0.0013944156257421911,0.007130241913357229,0.0012624789771410092,4.619663594470046,17.383279569892473,18534646.0,4124248.5,-0.7662357752964049,1.7685106026858506,1.0022748273894457
Georgia,42.3154,W2 2021冬-2022春,0.00619794901492653,0.01642869885233662,0.0008041849466132666,3.7632442396313364,19.940559139784945,929017.0,214147.5,0.5336665671035137,1.5612293662906094,2.094895933394122
Germany,51.165691,W2 2021冬-2022春,0.0021334644957577004,0.010182006468819157,0.0016173727597782925,3.510364055299539,16.73747311827957,16545389.0,4723754.0,-0.6429654029834229,1.813807804480005,1.1708424014965821
Greece,39.0742,W2 2021冬-2022春,0.0050868367610484655,0.012766546306487221,0.002366141066360954,3.885778801843318,19.489,2288259.0,953502.0,-0.07738810703952836,1.178365456711564,1.1009773496720356
Guatemala,15.783500000000002,W2 2021冬-2022春,0.007487835566778999,0.019116532990223783,0.007307832081778635,21.107238095238095,23.93697849462366,227302.0,305282.5,-0.45647033220774436,-0.2909253450828331,-0.7473956772905757
Honduras,15.2,W2 2021冬-2022春,0.011733543486350998,0.02723527765665979,0.0030109598940142117,20.146425499231952,22.4215376344086,45681.0,93436.5,0.25906568693457555,-0.4471476103196075,-0.18808192338503193
Hungary,47.1625,W2 2021冬-2022春,0.014161537434291195,0.029983624328251492,0.006922977346278317,3.6582503840245777,20.324956989247312,988452.0,118241.0,-0.017218994937170606,2.3797371759108685,2.362518180973699
Iceland,64.9631,W2 2021冬-2022春,0.0004526530831035325,0.0010600706713780918,0.007202771699489424,-4.740637480798771,6.865286738351255,167899.0,6899.0,-1.8090300114632667,3.405733281182032,1.5967032697187653
India,20.593684,W2 2021冬-2022春,0.006646253913490003,0.012711295052684824,0.0030821655056735655,20.18226420890937,26.522559139784946,8739961.0,8056831.0,0.05999167034974029,0.6206439400803632,0.6806356104301035
Indonesia,-0.7893,W2 2021冬-2022春,0.006861902446196126,0.03731246583862638,0.004750174103755444,25.351239631336405,26.81062365591398,1768460.0,1465782.0,-0.6627696453920207,0.5801822406169492,-0.08258740477507054
Iran,32.427908,W2 2021冬-2022春,0.010162558925388379,0.015241439097553953,0.010073548525206807,9.229084485407068,31.05661290322581,1237582.0,1707479.0,-0.19825522945209784,0.20830885013980094,0.010053620687701326
Iraq,33.223191,W2 2021冬-2022春,0.0063904170229510185,0.007217749844366936,0.0010378827192527244,13.86305376344086,34.223333333333336,264302.0,536497.0,0.8479365082912551,-0.29706783553092997,0.5508686727603251
Ireland,53.1424,W2 2021冬-2022春,0.0013473646002144341,0.0028540374856320717,0.005356862584532656,6.739218125960062,14.649416666666667,1013831.0,137215.0,-1.0654060226563002,2.002257527104586,0.9368515044482857
Israel,31.046050999999995,W2 2021冬-2022春,0.0009529996329272374,0.003587710738568116,0.0016437440533637073,12.97293241167435,24.69298924731183,2590767.0,515101.5,-0.9353862210192316,1.6250358798569735,0.6896496588377428
Italy,41.87194,W2 2021冬-2022春,0.0028936042946230388,0.011596085590008957,0.002115395569477945,9.540325652841782,23.94336559139785,9870389.0,3326890.0,-0.5374518229267391,1.6089405538947332,1.0714887309679941
Japan,36.204824,W2 2021冬-2022春,0.0021818515217619347,0.005999275375999842,0.0011797978520550496,6.845963133640554,23.376537634408603,4842676.0,7261536.5,-0.1983170633857574,0.22622290686754276,0.027905843481786263
Jordan,31.24,W2 2021冬-2022春,0.0034219176233577205,0.014607360545910117,0.001092640287208304,10.987172043010753,26.34489247311828,829944.0,81899.0,-0.1548601963511107,2.391299894330727,2.2364396979796144
Kazakhstan,48.01959999999999,W2 2021冬-2022春,0.004154865100739416,0.016357825517662943,0.0003944017488900408,-5.890188940092166,21.353013440860217,373538.0,338022.5,0.49211936814382984,0.4923826626497565,0.984502030793589
Kenya,-0.0236,W2 2021冬-2022春,0.0047389281406169225,0.0247014958497936,0.0018043025676613463,24.555743087557605,24.39383064516129,69636.0,52263.0,-0.34270798580126804,0.6587716053333086,0.31606361953203965
"Korea, South",35.907757,W2 2021冬-2022春,0.0013452547351798295,0.0038192101036418524,0.000678025601151008,0.8418264208909371,19.990376344086023,13009432.0,3855752.0,-0.17915330576351618,2.384244479300879,2.2050911735373617
Kosovo,42.602636,W2 2021冬-2022春,0.0021822480185491083,0.013307580536555976,0.001395625514779903,1.8269585253456222,20.01121505376344,65987.0,50071.0,-0.6804827285917057,0.2841562701989844,-0.3963264583927222
Kuwait,29.31166,W2 2021冬-2022春,0.00042995839112343966,0.005622384937238494,0.00035580154180668116,16.377142857142857,37.16090322580645,216300.0,81479.5,-1.1907537245741473,1.2989549922644308,0.1082012676902826
Laos,19.85627,W2 2021冬-2022春,0.00446471048914197,0.001486013986013986,0.0009214466712739,19.57935483870968,23.590860215053766,136627.0,13610.5,1.3390608807149667,2.618070633584365,3.957131514299331
Latvia,56.8796,W2 2021冬-2022春,0.003351409903476635,0.01532730979286739,0.002124887981448804,-0.22163287250384026,15.42016129032258,579756.0,73987.0,-0.5322965147022742,2.179336175763167,1.6470396610608935
Lebanon,33.8547,W2 2021冬-2022春,0.003934392723928261,0.008571253020931471,0.0023643247791333612,5.29879569892473,20.271193548387096,450133.0,108251.0,-0.13469666066578156,1.4299069285370045,1.295210267871223
Libya,26.3351,W2 2021冬-2022春,0.007848053918139187,0.010850310008857396,0.0015047291487532244,14.61809984639017,31.198956989247307,144367.0,83614.0,0.6638623094315665,1.6581372587854144,2.321999568216982
Lithuania,55.16940000000001,W2 2021冬-2022春,0.003815746992117075,0.014947999294905694,0.0022263265611740628,0.7226881720430106,16.075483870967744,699994.0,92630.0,-0.4133287553081022,2.02577821073797,1.6124494554298678
Luxembourg,49.8153,W2 2021冬-2022春,0.001475981751498345,0.002905393136008716,0.0011687878000816295,4.034924731182795,16.24798924731183,134148.0,32458.0,-0.22194456506816795,1.7057762811670738,1.4838317160989059
Malaysia,4.210484,W2 2021冬-2022春,0.0032971599345075963,0.014076893513382276,0.0020439070951320396,25.45941935483871,26.96378494623656,1730277.0,1114928.5,-0.4866374850176829,0.7113513994315248,0.22471391441384192
Mauritius,-20.348404,W2 2021冬-2022春,0.0038561850968846503,0.0076103500761035,0.0008037065052950076,22.29369585253456,17.517143369175628,187491.0,28050.5,0.44418435124105216,2.0490644335308694,2.4932487847719225
Mexico,23.6345,W2 2021冬-2022春,0.017708565024261415,0.04806103672086023,0.004289644757541335,15.724322580645161,17.98610752688172,1852324.0,1334498.5,0.20971056027688206,0.32794893305590556,0.5376594933327876
Moldova,47.4116,W2 2021冬-2022春,0.01697462345025445,0.025967167948570773,0.004886060923934797,2.3168110599078338,18.980161290322584,175674.0,58003.0,0.4101097852496567,1.1401625154500792,1.5502723006997368
Mongolia,46.8625,W2 2021冬-2022春,0.0009226890142148922,0.0035698001258231897,0.0002899344426010341,-10.741069124423964,13.08541935483871,328388.0,204300.5,-0.09766761335056096,0.8059923537156042,0.7083247403650423
Montenegro,42.708678,W2 2021冬-2022春,0.00565391719601748,0.013309879800644972,0.001423677537037861,5.7125069124423975,21.35890322580645,88788.0,39532.0,0.2614736438363998,0.8186363351548192,1.080109978991219
Morocco,31.7917,W2 2021冬-2022春,0.0060701242118740475,0.012867986970807592,0.0020701656132490597,13.30288786482335,26.469978494623653,217129.0,260907.0,0.16219346443967808,0.05565484351270911,0.21784830795238896
Mozambique,-18.665695,W2 2021冬-2022春,0.0034422237037238603,0.013588099893572259,0.002875065342394145,26.479224270353303,20.15959139784946,73499.0,42316.0,-0.5965172137835086,1.4303362550771066,0.8338190412935971
Nepal,28.1667,W2 2021冬-2022春,0.002857900829635346,0.013986784607755461,0.003292098962490024,15.482686635944699,25.635401433691754,165856.0,245961.0,-0.8647317558579619,0.5336992425325668,-0.3310325133253942
Netherlands,51.62419146215896,W2 2021冬-2022春,0.0006191779901108231,0.0018856407485021791,0.0011726381072003518,6.55015514592934,16.731182795698928,5772169.0,455051.5,-0.8761243459395187,2.5489747297970506,1.672850383857532
Nigeria,9.082,W2 2021冬-2022春,0.0040272472039397985,0.017089183407509406,0.001763951250801796,26.24825038402458,23.5805376344086,43454.0,23452.5,-0.3099179512391883,1.003800365981121,0.6938824147419336
North Macedonia,41.6086,W2 2021冬-2022春,0.018679841820801145,0.0437236273266199,0.007846660676849356,4.949874039938556,22.72278494623656,103427.0,36009.5,0.008456626484232732,1.0577361780037808,1.066192804488015
Norway,60.472,W2 2021冬-2022春,0.0015291821003103414,0.0014386419220256078,0.030004121445253468,-3.0656605222734257,10.655268817204302,1198680.0,56428.0,-1.4577841387975168,3.123370125588588,1.6655859867910712
Pakistan,30.3753,W2 2021冬-2022春,0.006960658358955186,0.020809037121840106,0.00544330451144662,12.636324116743472,27.445397849462363,251413.0,232830.5,-0.42461278470565667,0.6064204636197612,0.18180767891410277
Panama,8.538,W2 2021冬-2022春,0.0028608431093081897,0.009586783307489005,0.0014350474706100378,18.491887864823347,19.296075268817205,291872.0,156491.5,-0.2596752953088366,0.686588951398674,0.42691365608983656
Paraguay,-23.4425,W2 2021冬-2022春,0.01313762410133516,0.0482392614295981,0.010791795850226568,28.66233026113671,20.93178494623656,186944.0,123989.0,-0.551999539461903,0.5288619556943015,-0.023137583767602443
Peru,-9.19,W2 2021冬-2022春,0.008867719345974107,0.06300484222848933,0.0066337110623434165,21.989878648233486,16.99279569892473,1345329.0,477511.5,-0.8352703415576008,1.058993526067301,0.22372318450969964
Philippines,12.879721,W2 2021冬-2022春,0.016107182180300324,0.014058126050409056,0.011383514293227438,26.993136712749617,27.839989247311827,890969.0,887451.5,0.2415818760206232,0.3466187440389046,0.588200620059526
Poland,51.91940000000001,W2 2021冬-2022春,0.012563638566979975,0.04095572048830147,0.005595130687709565,2.34905376344086,17.27401075268817,2937684.0,205986.5,-0.1863872833122091,2.76627938360239,2.579892100290178
Portugal,39.3999,W2 2021冬-2022春,0.0014107333547813137,0.004605087934841442,0.00173414032483409,11.549502304147467,21.789881720430106,2648268.0,849321.0,-0.6947271038625251,1.511504006521184,0.8167769026586598
Qatar,25.3548,W2 2021冬-2022春,0.0005605809657281182,0.0026781968958729955,8.24973600844773e-05,19.971922043010753,35.72358422939068,117735.0,45799.5,0.17614101432236762,0.9993744675887104,1.1755154819110758
Romania,45.9432,W2 2021冬-2022春,0.010143180768104557,0.06363121696384029,0.004022034450179617,1.244448540706605,17.239021505376343,1205539.0,276544.5,-0.4556443855287977,1.5396153598063371,1.0839709742775394
Russia,61.52401,W2 2021冬-2022春,0.012457840071082126,0.038946191614764696,0.003935677879235785,-3.425970814132105,17.09431182795699,9205127.0,2709053.0,0.006218085554995589,1.2233963242772532,1.2296144098322461
Saudi Arabia,23.885942,W2 2021冬-2022春,0.0012364179488320796,0.012491234559339143,0.004240882103477523,18.56078187403994,33.810752688172045,202197.0,96129.0,-1.7726807787957126,0.8088775227970082,-0.9638032559987035
Serbia,44.0165,W2 2021冬-2022春,0.0060852608123115595,0.009111364644736008,0.0030277023509714816,3.8061459293394777,20.415462365591395,833818.0,303908.5,0.14720632290521163,1.0238433459345302,1.1710496688397427
Singapore,1.2833,W2 2021冬-2022春,0.0008050740824048443,0.004975124378109453,0.00039039707160218117,26.708881720430107,27.3761935483871,898054.0,375016.5,-0.5487507006821328,1.7313120344111397,1.182561333729006
Slovakia,48.669,W2 2021冬-2022春,0.0039541228497919,0.012387163478744979,0.00306896942358987,-1.7173870967741933,13.263919354838709,1544211.0,73697.5,-0.4442424788295849,3.095449649477981,2.6512071706483944
Slovenia,46.1512,W2 2021冬-2022春,0.0025480064340721127,0.005897648477539946,0.001303841139072542,3.899966205837174,19.196698924731184,632259.0,113203.0,-0.08462290642419479,1.8858641946949497,1.801241288270755
South Africa,-30.5595,W2 2021冬-2022春,0.013370363072999873,0.025261415008528434,0.006549624482347161,20.708505376344085,12.846322580645161,796837.0,774707.0,0.03869762145459266,0.37283561148357514,0.4115332329381687
Spain,40.463667,W2 2021冬-2022春,0.002375037343233452,0.005280784717082899,0.0060235834721829255,8.056199692780337,23.55763440860215,6497161.0,1480923.0,-0.8648653645292361,1.4791805093598196,0.6143151448305844
Sri Lanka,7.873054,W2 2021冬-2022春,0.020736906717098824,0.030559757203144435,0.03639097744360902,24.70642396313364,26.82093548387097,120558.0,207940.5,-0.4750873994903779,0.8376826432047046,0.3625952437143267
Sweden,60.128161,W2 2021冬-2022春,0.0026763602108877647,0.0036311509242422553,0.017606599332754446,0.6253917050691244,14.498408602150537,1316340.0,133403.0,-1.0944539842856802,2.3521739238625745,1.2577199395768952
Switzerland,46.8182,W2 2021冬-2022春,0.0008834484279837147,0.0028549412658199777,0.0004975627682658183,-1.1812273425499231,11.322236559139785,2624941.0,332375.0,-0.2994312150924294,2.1838406352707675,1.8844094201783355
Taiwan*,23.7,W2 2021冬-2022春,0.0006516072980017377,0.05561666437508594,0.0016889088785043047,13.133352534562214,19.41324731182796,4604.0,3180031.5,-2.699595983055829,-4.189484459161806,-6.889080442217634
Thailand,15.870032000000002,W2 2021冬-2022春,0.00377201727180723,0.01136368807290546,0.007903836654042483,25.47346390168971,27.127172043010752,1716323.0,984752.0,-0.9212757107380529,0.7454497733440455,-0.17582593739400743
Tunisia,33.886917,W2 2021冬-2022春,0.009896731107858277,0.03347644013253917,0.006436446020115079,13.43898617511521,29.679344086021505,323137.0,251782.0,-0.3942047081814648,0.45543889123477577,0.061234183053310076
Turkey,38.9637,W2 2021冬-2022春,0.0036591338765816018,0.009746391546699157,0.0012559048705000815,1.5221874039938557,19.094139784946236,6827572.0,2087589.5,0.04484975173446859,1.1919444473330785,1.2367941990675462
US,40.0,W2 2021冬-2022春,0.006691773034501296,0.012638349078958385,0.004255616547116479,3.7612811059907836,22.256720430107528,34168224.0,12983340.0,-0.09160884355216314,0.978589659257679,0.886980815705515
Ukraine,48.3794,W2 2021冬-2022春,0.015746971610395656,0.03492648406401275,0.006773982676907992,1.4878387096774195,18.759752688172043,2139586.0,326995.5,0.023480770965560893,1.9110886676675172,1.9345694386330763
United Arab Emirates,23.424076,W2 2021冬-2022春,0.0011351629208670075,0.002275718867609707,0.0003412678099138299,20.84147465437788,35.050763440860216,140068.0,172343.5,0.25317206093057365,-0.1745847395667326,0.07858732136384106
United Kingdom,55.22978733969726,W2 2021冬-2022春,0.001989395569059358,0.003562833969885186,0.006654801240212958,4.307935483870968,12.66831182795699,12209236.0,2545499.5,-0.8951165776915229,1.6293855357913198,0.7342689580997988
Uruguay,-32.5228,W2 2021冬-2022春,0.002204292804572946,0.014152230971128608,0.0032893609731026213,22.644832565284176,12.581376344086022,494036.0,139027.5,-1.1298760612324346,1.3416487080813226,0.21177264684888808
Venezuela,6.4238,W2 2021冬-2022春,0.005944074473158927,0.013515485886096272,0.00480469792686182,26.720677419354843,25.196806451612904,113222.0,96881.5,-0.30432031589469233,0.6014175487171443,0.29709723282245104
Vietnam,14.058324,W2 2021冬-2022春,0.0022929403376206847,0.0265477065396337,0.00010849294856108213,20.723545314900154,22.70340860215054,8643487.0,808687.0,0.3008983527156328,2.3694822227054324,2.670380575421066
West Bank and Gaza,31.9522,W2 2021冬-2022春,0.00450301598496693,0.010684916180282321,0.0010823467043647287,10.638732718894008,22.97603494623656,202753.0,76263.0,0.28076508996386806,1.0680441929384425,1.3488092829023124
Zambia,-13.133897,W2 2021冬-2022春,0.002793374640282712,0.020406947045802825,0.0025703054127608105,21.28680875576037,18.993440860215053,106681.0,65344.0,-0.9526996435110586,0.9956262504911919,0.04292660698013151
Zimbabwe,-19.015438,W2 2021冬-2022春,0.006760275000220636,0.033199010403725034,0.012443194113828175,22.839803379416285,17.674580645161292,113309.0,50902.5,-1.1007833724048761,1.3542946968986005,0.25351132449372304
